node_a,node_b,tech,start_time,end_time,duration,min_dist_m,max_dist_m,start_lat_a,start_lon_a,start_lat_b,start_lon_b,end_lat_a,end_lon_a,end_lat_b,end_lon_b
ESC1,V00,bluetooth,0.0,4.0,4.0,12.65,59.24,38.9099,-77.0629961,38.9098202,-77.0631,38.9099,-77.0626152,38.9095247,-77.0631
ESC2,EDGE_0,wifi,0.0,5.0,5.0,40.8,62.52,38.9041108,-77.062997,38.9044685,-77.0631,38.9041638,-77.0624937,38.9044685,-77.0631
V04,EDGE_0,wifi,0.0,5.0,5.0,40.72,60.82,38.9041095,-77.06301,38.9044685,-77.0631,38.9041611,-77.0625196,38.9044685,-77.0631
V01,M_36,wifi,0.0,6.0,6.0,6.82,59.45,38.9043612,-77.0612,38.9043,-77.0612,38.9048341,-77.0612,38.9043,-77.0612
V08,O_33,wifi,0.0,6.0,6.0,9.26,64.26,38.9081,-77.0558069,38.9081,-77.0557,38.9081,-77.0564418,38.9081,-77.0557
ESC2,V04,wifi,0.0,19.0,19.0,1.13,54.93,38.9041108,-77.062997,38.9041095,-77.06301,38.9043526,-77.0607328,38.9046558,-77.061233
ESC2,V07,wifi,12.0,20.0,8.0,7.55,63.61,38.9042698,-77.0614871,38.9043594,-77.0608258,38.9043665,-77.0606071,38.9047612,-77.061138
ESC2,M_36,wifi,9.0,21.0,12.0,3.11,62.89,38.90423,-77.0618646,38.9043,-77.0612,38.9043804,-77.0604814,38.9043,-77.0612
V04,M_36,wifi,9.0,21.0,12.0,5.35,61.66,38.9042273,-77.0618904,38.9043,-77.0612,38.9048534,-77.0612291,38.9043,-77.0612
V07,M_36,wifi,10.0,21.0,11.0,10.96,62.53,38.9043989,-77.0605769,38.9043,-77.0612,38.9048599,-77.061142,38.9043,-77.0612
COI,V02,bluetooth,20.0,24.0,4.0,4.39,39.61,38.9117,-77.0604565,38.9117,-77.0601519,38.9117,-77.0600756,38.9117,-77.0605329
COI,V05,wifi,26.0,32.0,6.0,7.78,58.22,38.9117,-77.0596947,38.9117,-77.059097,38.9117,-77.0590598,38.9117,-77.0597319
COI,V06,bluetooth,27.0,32.0,5.0,0.41,44.4,38.9117,-77.0595677,38.9117006,-77.0590645,38.9117,-77.0590598,38.9117001,-77.0595724
ESC1,V03,bluetooth,15.0,33.0,18.0,32.43,44.05,38.9099,-77.0610914,38.9095687,-77.0611858,38.9099,-77.0589328,38.9098317,-77.0594336
ESC1,WIS_P,bluetooth,25.0,33.0,8.0,3.53,40.47,38.9099,-77.0598217,38.9099,-77.0594,38.9099,-77.0589328,38.9099,-77.0594
V08,WIS_O,wifi,23.0,34.0,11.0,13.62,62.12,38.9081,-77.0587274,38.9081,-77.0594,38.9086532,-77.0593059,38.9081,-77.0594
COI,WIS_Q,wifi,23.0,35.0,12.0,3.53,62.47,38.9117,-77.0600756,38.9117,-77.0594,38.9117,-77.0586788,38.9117,-77.0594
V05,WIS_Q,wifi,23.0,35.0,12.0,4.25,61.75,38.9117,-77.058716,38.9117,-77.0594,38.9117,-77.0601128,38.9117,-77.0594
V03,WIS_P,bluetooth,28.0,36.0,8.0,6.36,39.56,38.9098721,-77.0598529,38.9099,-77.0594,38.9095453,-77.0594281,38.9099,-77.0594
V00,V01,wifi,31.0,38.0,7.0,1.56,64.24,38.9067579,-77.0631,38.9062867,-77.062672,38.9061651,-77.0631,38.9065567,-77.0630849
V04,V07,wifi,12.0,39.0,27.0,0.74,60.41,38.9042671,-77.0615129,38.9043594,-77.0608258,38.9066316,-77.061201,38.9062737,-77.0616565
V03,V08,bluetooth,37.0,41.0,4.0,12.18,34.26,38.9093477,-77.0594242,38.9090478,-77.0593357,38.9090513,-77.0594185,38.9093437,-77.059358
V08,WIS_P,bluetooth,42.0,50.0,8.0,7.04,40.04,38.909541,-77.0593729,38.9099,-77.0594,38.9098734,-77.0589432,38.9099,-77.0594
ESC2,WIS_N,wifi,41.0,53.0,12.0,6.96,61.96,38.9057435,-77.0594173,38.9063,-77.0594,38.9062778,-77.0601106,38.9063,-77.0594
V03,WIS_O,bluetooth,46.0,54.0,8.0,4.06,39.91,38.9084585,-77.059407,38.9081,-77.0594,38.9077671,-77.0594009,38.9081,-77.0594
ESC2,EDGE_1,bluetooth,47.0,56.0,9.0,2.79,44.46,38.9062652,-77.0594873,38.9063,-77.0599786,38.9062856,-77.0604914,38.9063,-77.0599786
ESC1,EDGE_3,bluetooth,57.0,60.0,3.0,37.6,40.7,38.9099,-77.0557583,38.9099,-77.0552994,38.9097428,-77.0557235,38.9099,-77.0552994
ESC1,P_33,bluetooth,54.0,62.0,8.0,5.05,39.54,38.9099,-77.0561393,38.9099,-77.0557,38.9095452,-77.0557207,38.9099,-77.0557
V00,EDGE_0,wifi,49.0,63.0,14.0,1.86,58.17,38.9049793,-77.0631,38.9044685,-77.0631,38.9042003,-77.0625236,38.9044685,-77.0631
V03,WIS_N,bluetooth,64.0,72.0,8.0,9.32,42.32,38.9066801,-77.0594002,38.9063,-77.0594,38.9063457,-77.058943,38.9063,-77.0594
V04,WIS_O,wifi,61.0,73.0,12.0,6.44,61.55,38.9080757,-77.0601086,38.9081,-77.0594,38.9075475,-77.0594269,38.9081,-77.0594
V07,EDGE_0,wifi,63.0,77.0,14.0,0.55,59.0,38.9049579,-77.0630953,38.9044685,-77.0631,38.9041845,-77.062525,38.9044685,-77.0631
COI,EDGE_3,bluetooth,74.0,79.0,5.0,35.02,43.47,38.9100607,-77.0557023,38.9099,-77.0552994,38.9096656,-77.0557007,38.9099,-77.0552994
V00,M_36,wifi,67.0,79.0,12.0,5.2,60.72,38.9042479,-77.0618917,38.9043,-77.0612,38.9043783,-77.0605063,38.9043,-77.0612
V08,P_33,bluetooth,71.0,79.0,8.0,4.96,39.03,38.9098998,-77.0561506,38.9099,-77.0557,38.9099,-77.0552618,38.9099,-77.0557
COI,V08,wifi,71.0,80.0,9.0,8.54,63.81,38.9103571,-77.0557065,38.9098998,-77.0561506,38.9095668,-77.0557007,38.9099,-77.0551348
COI,P_33,bluetooth,72.0,80.0,8.0,4.09,39.89,38.9102583,-77.0557051,38.9099,-77.0557,38.9095668,-77.0557007,38.9099,-77.0557
ESC1,O_33,wifi,70.0,82.0,12.0,6.89,61.89,38.9086559,-77.055708,38.9081,-77.0557,38.9081222,-77.0564106,38.9081,-77.0557
V08,EDGE_3,bluetooth,74.0,82.0,8.0,3.26,40.74,38.9099,-77.0557697,38.9099,-77.0552994,38.9099,-77.0548808,38.9099,-77.0552994
V01,WIS_O,wifi,76.0,88.0,12.0,6.06,61.55,38.9080997,-77.0601048,38.9081,-77.0594,38.9075474,-77.0594261,38.9081,-77.0594
V04,WIS_N,wifi,79.0,91.0,12.0,6.89,61.89,38.9068559,-77.059412,38.9063,-77.0594,38.906322,-77.0601106,38.9063,-77.0594
V07,M_36,wifi,81.0,93.0,12.0,5.5,61.63,38.9042395,-77.061894,38.9043,-77.0612,38.9048532,-77.061229,38.9043,-77.0612
V03,EDGE_2,bluetooth,88.0,96.0,8.0,2.04,41.96,38.9063009,-77.0567864,38.9063,-77.056302,38.9063002,-77.0558975,38.9063,-77.056302
COI,O_33,wifi,88.0,100.0,12.0,1.72,64.28,38.9086775,-77.0557003,38.9081,-77.0557,38.9075905,-77.0557,38.9081,-77.0557
ESC2,EDGE_0,wifi,89.0,104.0,15.0,0.8,63.14,38.9049571,-77.0630855,38.9044685,-77.0631,38.9041108,-77.0625343,38.9044685,-77.0631
V00,V01,wifi,100.0,106.0,6.0,42.66,61.33,38.9058395,-77.0594208,38.9063346,-77.0594871,38.9063328,-77.0594028,38.906322,-77.0601106
V01,WIS_N,wifi,94.0,106.0,12.0,6.88,61.88,38.9068558,-77.0594116,38.9063,-77.0594,38.906322,-77.0601106,38.9063,-77.0594
V04,V07,wifi,100.0,106.0,6.0,11.03,55.75,38.9061426,-77.0611596,38.9056436,-77.0612131,38.9056486,-77.0611704,38.9061376,-77.0612033
ESC1,V02,bluetooth,105.0,109.0,4.0,1.53,35.43,38.9081,-77.0594571,38.9081068,-77.0597279,38.9081,-77.0598381,38.9081677,-77.0594383
ESC1,WIS_O,wifi,99.0,111.0,12.0,4.95,61.05,38.9081005,-77.0586953,38.9081,-77.0594,38.9081,-77.060092,38.9081,-77.0594
V00,WIS_N,wifi,99.0,111.0,12.0,3.66,62.29,38.9057408,-77.0594253,38.9063,-77.0594,38.9068269,-77.059402,38.9063,-77.0594
V02,WIS_O,bluetooth,104.0,112.0,8.0,6.42,39.61,38.9081095,-77.0598548,38.9081,-77.0594,38.908455,-77.059432,38.9081,-77.0594
V06,EDGE_1,bluetooth,103.0,112.0,9.0,2.99,44.57,38.9063501,-77.060489,38.9063,-77.0599786,38.9063034,-77.0594749,38.9063,-77.0599786
COI,EDGE_2,wifi,109.0,116.0,7.0,52.16,62.07,38.9066024,-77.0557,38.9063,-77.056302,38.9060095,-77.0557,38.9063,-77.056302
V06,WIS_N,bluetooth,108.0,116.0,8.0,6.5,39.6,38.9063209,-77.0598552,38.9063,-77.0594,38.9066549,-77.0594307,38.9063,-77.0594
COI,N_33,wifi,107.0,118.0,11.0,0.66,55.66,38.9068,-77.0557,38.9063,-77.0557,38.9058118,-77.0557,38.9063,-77.0557
ESC2,V04,wifi,113.0,119.0,6.0,35.72,64.04,38.9042879,-77.0612851,38.9048582,-77.0611878,38.9043585,-77.0606575,38.9043642,-77.0611986
ESC2,M_36,wifi,108.0,120.0,12.0,3.45,62.49,38.9041994,-77.0619097,38.9043,-77.0612,38.9043727,-77.0605319,38.9043,-77.0612
V05,V07,wifi,114.0,120.0,6.0,11.54,57.72,38.9063678,-77.0627694,38.9062812,-77.0621644,38.9063404,-77.0621355,38.906294,-77.0627991
V04,M_36,wifi,113.0,125.0,12.0,7.15,62.15,38.9048582,-77.0611878,38.9043,-77.0612,38.9042569,-77.0619076,38.9043,-77.0612
V00,WIS_O,wifi,117.0,129.0,12.0,1.27,64.73,38.9075186,-77.0594009,38.9081,-77.0594,38.9086055,-77.0594001,38.9081,-77.0594
V08,O_33,wifi,117.0,129.0,12.0,4.08,61.88,38.9081131,-77.0550183,38.9081,-77.0557,38.9081005,-77.0564143,38.9081,-77.0557
V02,WIS_P,bluetooth,122.0,130.0,8.0,4.09,39.89,38.9095418,-77.0594079,38.9099,-77.0594,38.9102331,-77.0594011,38.9099,-77.0594
V06,WIS_O,bluetooth,126.0,134.0,8.0,6.89,39.89,38.9077417,-77.0594076,38.9081,-77.0594,38.9080708,-77.0589435,38.9081,-77.0594
V01,M_36,wifi,128.0,140.0,12.0,7.15,62.15,38.9048582,-77.0611878,38.9043,-77.0612,38.9043961,-77.0604997,38.9043,-77.0612
V04,V07,wifi,136.0,142.0,6.0,9.83,56.25,38.9043539,-77.0630817,38.9048591,-77.0630959,38.904848,-77.0630863,38.904365,-77.0630986
V06,V08,bluetooth,139.0,143.0,4.0,10.21,33.87,38.9080862,-77.0581819,38.9081,-77.057811,38.9080939,-77.0578011,38.9081,-77.058192
V04,EDGE_0,wifi,129.0,144.0,15.0,2.31,64.25,38.9041745,-77.0625336,38.9044685,-77.0631,38.9050456,-77.0630882,38.9044685,-77.0631
V00,WIS_P,bluetooth,138.0,145.0,7.0,11.88,40.28,38.9095936,-77.0594,38.9099,-77.0594,38.9098355,-77.0598575,38.9099,-77.0594
ESC2,V05,wifi,140.0,147.0,7.0,1.91,62.7,38.9057376,-77.0594338,38.9063001,-77.0594715,38.9062602,-77.0594883,38.9057474,-77.0594274
V05,WIS_N,wifi,135.0,147.0,12.0,6.2,61.56,38.9063008,-77.0601064,38.9063,-77.0594,38.9057474,-77.0594274,38.9063,-77.0594
COI,V03,bluetooth,144.0,148.0,4.0,2.12,42.13,38.9051517,-77.0533539,38.905193,-77.0530832,38.905193,-77.0529767,38.9051442,-77.0534589
V07,EDGE_0,wifi,135.0,149.0,14.0,0.55,59.0,38.9049579,-77.0630954,38.9044685,-77.0631,38.9041845,-77.062525,38.9044685,-77.0631
ESC2,WIS_N,wifi,140.0,152.0,12.0,7.68,62.68,38.9057376,-77.0594338,38.9063,-77.0594,38.9062747,-77.0601112,38.9063,-77.0594
ESC2,EDGE_1,bluetooth,146.0,155.0,9.0,3.19,44.51,38.9062602,-77.0594883,38.9063,-77.0599786,38.9062835,-77.0604919,38.9063,-77.0599786
V01,V05,wifi,151.0,156.0,5.0,3.2,44.67,38.9048533,-77.0594563,38.9052534,-77.0594165,38.9052484,-77.059441,38.9048582,-77.0594079
V08,WIS_O,wifi,146.0,158.0,12.0,5.65,61.54,38.9081,-77.0586999,38.9081,-77.0594,38.9075475,-77.0593772,38.9081,-77.0594
ESC1,V00,bluetooth,159.0,164.0,5.0,3.44,44.45,38.9099378,-77.062269,38.9098975,-77.0617585,38.9099198,-77.0617616,38.9098985,-77.0622664
V07,M_36,wifi,153.0,165.0,12.0,5.45,60.5,38.9042395,-77.061894,38.9043,-77.0612,38.9043776,-77.0605094,38.9043,-77.0612
ESC2,V04,wifi,163.0,168.0,5.0,1.72,44.53,38.9062987,-77.0616338,38.9062783,-77.0621355,38.9062992,-77.0621417,38.9062901,-77.0616278
V05,V07,wifi,163.0,169.0,6.0,8.69,57.69,38.9044664,-77.0599823,38.9043638,-77.0606351,38.9043809,-77.0606076,38.9044331,-77.0600065
V01,V08,wifi,165.0,172.0,7.0,7.96,58.0,38.9062361,-77.0594025,38.906757,-77.0593917,38.9068285,-77.0594017,38.906334,-77.0596028
V01,WIS_N,wifi,160.0,172.0,12.0,3.84,62.12,38.9057423,-77.0594217,38.9063,-77.0594,38.9068285,-77.0594017,38.9063,-77.0594
V08,WIS_N,wifi,164.0,176.0,12.0,6.88,61.88,38.9068558,-77.0593899,38.9063,-77.0594,38.9063232,-77.0601105,38.9063,-77.0594
V05,M_36,wifi,167.0,179.0,12.0,2.85,63.1,38.904398,-77.0604826,38.9043,-77.0612,38.9042321,-77.0618619,38.9043,-77.0612
V08,EDGE_1,bluetooth,170.0,179.0,9.0,2.91,44.45,38.9063365,-77.0594864,38.9063,-77.0599786,38.9063151,-77.0604913,38.9063,-77.0599786
ESC1,WIS_P,bluetooth,178.0,186.0,8.0,4.28,39.72,38.9099005,-77.0598585,38.9099,-77.0594,38.9099001,-77.0589696,38.9099,-77.0594
V01,WIS_O,wifi,178.0,190.0,12.0,9.54,64.54,38.9075202,-77.0594008,38.9081,-77.0594,38.9080623,-77.0601109,38.9081,-77.0594
ESC2,V05,wifi,190.0,195.0,5.0,3.79,44.75,38.9047595,-77.0630889,38.9043591,-77.0630432,38.9043643,-77.0630956,38.9047543,-77.0630548
V07,WIS_N,wifi,185.0,197.0,12.0,7.33,62.33,38.9057404,-77.0594263,38.9063,-77.0594,38.9062762,-77.0601109,38.9063,-77.0594
V05,EDGE_0,wifi,183.0,198.0,15.0,4.82,64.88,38.904165,-77.0624909,38.9044685,-77.0631,38.9050506,-77.0630634,38.9044685,-77.0631
COI,N_33,wifi,188.0,200.0,12.0,4.92,61.08,38.9062996,-77.054995,38.9063,-77.0557,38.9063,-77.0563917,38.9063,-77.0557
V07,EDGE_1,bluetooth,191.0,200.0,9.0,2.99,44.48,38.9062626,-77.0594878,38.9063,-77.0599786,38.9062845,-77.0604917,38.9063,-77.0599786
ESC2,EDGE_0,wifi,188.0,203.0,15.0,0.8,63.14,38.9049571,-77.0630856,38.9044685,-77.0631,38.9041108,-77.0625343,38.9044685,-77.0631
COI,EDGE_2,wifi,193.0,205.0,12.0,3.23,62.77,38.9063,-77.0556299,38.9063,-77.056302,38.9063,-77.0570266,38.9063,-77.056302
ESC1,EDGE_3,bluetooth,210.0,213.0,3.0,40.73,43.46,38.9099,-77.0557952,38.9099,-77.0552994,38.9097423,-77.0557583,38.9099,-77.0552994
ESC1,P_33,bluetooth,207.0,215.0,8.0,8.25,41.25,38.9099,-77.0561761,38.9099,-77.0557,38.9095447,-77.0557513,38.9099,-77.0557
V06,EDGE_2,bluetooth,208.0,216.0,8.0,1.28,42.72,38.9063008,-77.0559064,38.9063,-77.056302,38.9063003,-77.0567952,38.9063,-77.056302
V05,V07,wifi,212.0,218.0,6.0,10.85,55.56,38.9062686,-77.0627702,38.9062992,-77.0621415,38.9062813,-77.0621355,38.9062997,-77.0627764
ESC2,M_36,wifi,207.0,219.0,12.0,3.45,62.49,38.9041994,-77.0619097,38.9043,-77.0612,38.9043727,-77.0605319,38.9043,-77.0612
V01,V05,wifi,217.0,223.0,6.0,4.88,63.76,38.9063343,-77.0614026,38.9062813,-77.0621355,38.9063215,-77.0620373,38.906294,-77.0615008
COI,WIS_N,wifi,217.0,229.0,12.0,7.6,62.6,38.9063,-77.0586773,38.9063,-77.0594,38.9068528,-77.059361,38.9063,-77.0594
V03,WIS_O,bluetooth,222.0,230.0,8.0,6.09,39.61,38.9080995,-77.0589488,38.9081,-77.0594,38.908455,-77.0593693,38.9081,-77.0594
ESC1,O_33,wifi,223.0,235.0,12.0,6.89,61.89,38.9086557,-77.0557197,38.9081,-77.0557,38.9081216,-77.0564106,38.9081,-77.0557
V00,V08,wifi,231.0,239.0,8.0,7.33,64.82,38.909911,-77.0625452,38.9095201,-77.0630997,38.9101553,-77.0630897,38.9098546,-77.062643
V06,WIS_N,bluetooth,232.0,240.0,8.0,5.65,39.58,38.9063,-77.0589538,38.9063,-77.0594,38.9059451,-77.0593736,38.9063,-77.0594
ESC2,V06,bluetooth,239.0,243.0,4.0,4.68,42.98,38.9057376,-77.0594338,38.9059451,-77.0593736,38.9060337,-77.059416,38.9056487,-77.059379
COI,WIS_O,wifi,235.0,247.0,12.0,4.08,61.88,38.9075443,-77.0593826,38.9081,-77.0594,38.9086307,-77.0593987,38.9081,-77.0594
V07,EDGE_0,wifi,233.0,247.0,14.0,0.8,59.05,38.9049571,-77.0630855,38.9044685,-77.0631,38.9041836,-77.062525,38.9044685,-77.0631
V02,V08,bluetooth,244.0,248.0,4.0,9.94,35.66,38.9099312,-77.0615297,38.9098785,-77.0618817,38.9099236,-77.0619105,38.9098905,-77.0615011
V03,WIS_P,bluetooth,240.0,248.0,8.0,6.88,39.88,38.9095418,-77.0593924,38.9099,-77.0594,38.9098725,-77.0589434,38.9099,-77.0594
ESC2,WIS_N,wifi,239.0,251.0,12.0,7.68,62.68,38.9057376,-77.0594338,38.9063,-77.0594,38.9062747,-77.0601112,38.9063,-77.0594
ESC2,EDGE_1,bluetooth,245.0,254.0,9.0,3.19,44.51,38.9062602,-77.0594883,38.9063,-77.0599786,38.9062835,-77.0604919,38.9063,-77.0599786
V01,V05,wifi,250.0,256.0,6.0,3.03,63.52,38.9080663,-77.0628973,38.9080821,-77.0621643,38.9080789,-77.0622626,38.9080942,-77.062799
COI,WIS_P,bluetooth,255.0,263.0,8.0,1.7,42.3,38.90952,-77.0593996,38.9099,-77.0594,38.9102117,-77.0593999,38.9099,-77.0594
V07,M_36,wifi,251.0,263.0,12.0,5.51,61.63,38.904239,-77.0618941,38.9043,-77.0612,38.9048532,-77.0612291,38.9043,-77.0612
ESC1,WIS_O,wifi,252.0,264.0,12.0,4.95,61.04,38.9081005,-77.0586953,38.9081,-77.0594,38.9081,-77.0600921,38.9081,-77.0594
V08,WIS_P,bluetooth,260.0,268.0,8.0,6.11,39.61,38.9098996,-77.0598515,38.9099,-77.0594,38.910255,-77.0594309,38.9099,-77.0594
V06,M_36,bluetooth,264.0,272.0,8.0,2.81,41.14,38.9043644,-77.0607323,38.9043,-77.0612,38.9042591,-77.0616098,38.9043,-77.0612
V03,EDGE_3,bluetooth,272.0,275.0,3.0,38.59,41.56,38.9099,-77.0557699,38.9099,-77.0552994,38.9100574,-77.0557344,38.9099,-77.0552994
V03,P_33,bluetooth,269.0,277.0,8.0,6.05,39.6,38.9098998,-77.0561508,38.9099,-77.0557,38.910255,-77.0557303,38.9099,-77.0557
COI,WIS_Q,wifi,272.0,283.0,11.0,11.56,61.84,38.9111998,-77.0594,38.9117,-77.0594,38.9116501,-77.060111,38.9117,-77.0594
V00,V01,wifi,282.0,288.0,6.0,2.81,55.65,38.9103578,-77.0612031,38.9099373,-77.0612005,38.909936,-77.0612868,38.9104314,-77.0612004
V08,WIS_Q,wifi,276.0,288.0,12.0,6.88,61.88,38.9111442,-77.0594119,38.9117,-77.0594,38.911678,-77.0601106,38.9117,-77.0594
V07,EDGE_1,bluetooth,282.0,291.0,9.0,1.48,44.35,38.9062756,-77.0604895,38.9063,-77.0599786,38.9062983,-77.0594741,38.9063,-77.0599786
ESC2,V06,bluetooth,287.0,292.0,5.0,3.05,44.69,38.9049571,-77.0630856,38.9045567,-77.0630486,38.9045619,-77.0630923,38.9049519,-77.0630602
COI,V02,bluetooth,288.0,293.0,5.0,0.48,44.27,38.9116849,-77.0608715,38.9116965,-77.061374,38.911697,-77.0613778,38.9116993,-77.0608667
V02,V08,bluetooth,291.0,295.0,4.0,10.56,33.48,38.9116992,-77.0609937,38.9116883,-77.0606183,38.9116994,-77.0606127,38.9116959,-77.0609991
V07,WIS_N,wifi,285.0,297.0,12.0,6.42,61.58,38.9062842,-77.0601088,38.9063,-77.0594,38.9068526,-77.0594308,38.9063,-77.0594
ESC2,EDGE_0,wifi,287.0,302.0,15.0,0.8,63.14,38.9049571,-77.0630856,38.9044685,-77.0631,38.9041108,-77.0625343,38.9044685,-77.0631
V04,WIS_Q,wifi,291.0,303.0,12.0,6.04,61.55,38.9116995,-77.0586953,38.9117,-77.0594,38.9111474,-77.059374,38.9117,-77.0594
V05,EDGE_0,wifi,289.0,303.0,14.0,1.85,58.18,38.9049792,-77.0630998,38.9044685,-77.0631,38.9042003,-77.0625236,38.9044685,-77.0631
ESC1,V00,wifi,300.0,308.0,8.0,35.3,57.1,38.909443,-77.0630858,38.9099035,-77.062926,38.9099602,-77.0629032,38.9104517,-77.0630917
COI,V08,wifi,258.0,314.0,56.0,14.63,61.81,38.9098164,-77.0593999,38.9098994,-77.0601054,38.9117697,-77.0625106,38.9114438,-77.0630678
V02,V03,bluetooth,310.0,314.0,4.0,9.89,34.11,38.9117,-77.0585811,38.9116991,-77.0581874,38.9117,-77.0582002,38.9116994,-77.0585683
COI,V01,wifi,309.0,315.0,6.0,13.38,58.37,38.9117967,-77.0630174,38.9116787,-77.0624183,38.911763,-77.0623839,38.9116985,-77.0630527
V07,WIS_O,wifi,303.0,315.0,12.0,6.88,61.88,38.9075442,-77.0594137,38.9081,-77.0594,38.9080781,-77.0601106,38.9081,-77.0594
ESC2,V05,wifi,271.0,317.0,46.0,8.65,59.54,38.9062997,-77.0627766,38.9067578,-77.0630969,38.9043585,-77.0606575,38.9046557,-77.061229
ESC2,M_36,wifi,306.0,318.0,12.0,3.45,62.49,38.9041994,-77.0619097,38.9043,-77.0612,38.9043727,-77.0605319,38.9043,-77.0612
V00,V08,bluetooth,313.0,318.0,5.0,2.21,44.51,38.9110446,-77.0630956,38.9114438,-77.0630678,38.9114398,-77.0630983,38.9110486,-77.063076
V05,M_36,wifi,307.0,319.0,12.0,5.2,61.64,38.9042479,-77.0618917,38.9043,-77.0612,38.9048533,-77.0612255,38.9043,-77.0612
V00,V01,wifi,314.0,321.0,7.0,0.9,61.91,38.9111434,-77.0630963,38.9116985,-77.0630527,38.911664,-77.0630132,38.9111486,-77.0630923
COI,V03,bluetooth,327.0,331.0,4.0,10.14,33.88,38.9117062,-77.060737,38.9117,-77.060346,38.9117044,-77.0603561,38.9117,-77.0607269
V00,V03,bluetooth,333.0,337.0,4.0,11.76,31.44,38.9116965,-77.061374,38.9117,-77.0611079,38.9116992,-77.0609937,38.9114435,-77.0611479
ESC1,WIS_P,bluetooth,331.0,339.0,8.0,4.28,39.71,38.9099005,-77.0598584,38.9099,-77.0594,38.9099001,-77.0589696,38.9099,-77.0594
V04,WIS_O,wifi,327.0,339.0,12.0,1.71,64.29,38.9086775,-77.0593996,38.9081,-77.0594,38.9075905,-77.0594,38.9081,-77.0594
V05,V07,wifi,334.0,340.0,6.0,8.07,57.97,38.906434,-77.061201,38.9069546,-77.0611855,38.9069281,-77.0612007,38.9064606,-77.0611964
COI,WIS_Q,wifi,332.0,344.0,12.0,5.17,60.82,38.9117032,-77.0601021,38.9117,-77.0594,38.9117002,-77.0587055,38.9117,-77.0594
V06,M_36,bluetooth,336.0,344.0,8.0,7.23,40.23,38.9046614,-77.0612021,38.9043,-77.0612,38.9042894,-77.0616574,38.9043,-77.0612
ESC2,V04,wifi,347.0,349.0,2.0,62.35,62.58,38.9062688,-77.0598573,38.9067012,-77.0594,38.9062717,-77.0599843,38.9066024,-77.0594
ESC2,WIS_N,wifi,338.0,350.0,12.0,7.68,62.68,38.9057376,-77.0594338,38.9063,-77.0594,38.9062747,-77.0601112,38.9063,-77.0594
ESC2,V07,bluetooth,347.0,352.0,5.0,4.42,44.32,38.9062688,-77.0598573,38.9063194,-77.0603625,38.9062806,-77.060365,38.9063092,-77.0598547
V02,EDGE_3,bluetooth,349.0,352.0,3.0,35.55,42.44,38.9100606,-77.055705,38.9099,-77.0552994,38.9099341,-77.0557873,38.9099,-77.0552994
ESC2,EDGE_1,bluetooth,344.0,353.0,9.0,3.19,44.51,38.9062602,-77.0594883,38.9063,-77.0599786,38.9062835,-77.0604919,38.9063,-77.0599786
V00,WIS_Q,wifi,343.0,355.0,12.0,4.94,61.06,38.9116996,-77.0601048,38.9117,-77.0594,38.9117,-77.0587081,38.9117,-77.0594
V02,P_33,bluetooth,347.0,355.0,8.0,6.88,39.88,38.9102582,-77.0557111,38.9099,-77.0557,38.9099268,-77.0561567,38.9099,-77.0557
V07,EDGE_1,bluetooth,346.0,355.0,9.0,1.33,44.32,38.906322,-77.0604894,38.9063,-77.0599786,38.9063015,-77.0594739,38.9063,-77.0599786
V04,V07,wifi,349.0,357.0,8.0,13.03,64.9,38.9065036,-77.0594,38.9063143,-77.0601086,38.9063498,-77.060111,38.9061425,-77.0594402
V04,WIS_N,wifi,346.0,357.0,11.0,11.55,61.84,38.9068,-77.0594,38.9063,-77.0594,38.9063498,-77.060111,38.9063,-77.0594
ESC1,V02,bluetooth,356.0,360.0,4.0,2.72,42.33,38.9099,-77.056684,38.9099217,-77.0564106,38.9099,-77.0563031,38.9099141,-77.0567914
V07,WIS_N,wifi,349.0,361.0,12.0,6.41,61.58,38.9063143,-77.0601086,38.9063,-77.0594,38.9057474,-77.0594305,38.9063,-77.0594
V08,WIS_P,bluetooth,354.0,362.0,8.0,4.95,39.05,38.9099002,-77.0598508,38.9099,-77.0594,38.9099,-77.058962,38.9099,-77.0594
ESC1,EDGE_3,bluetooth,363.0,366.0,3.0,40.73,43.46,38.9099,-77.0557952,38.9099,-77.0552994,38.9097423,-77.0557583,38.9099,-77.0552994
ESC1,P_33,bluetooth,360.0,368.0,8.0,8.24,41.24,38.9099,-77.0561761,38.9099,-77.0557,38.9095447,-77.0557513,38.9099,-77.0557
V03,WIS_P,bluetooth,362.0,370.0,8.0,6.4,39.64,38.909909,-77.0598547,38.9099,-77.0594,38.9095449,-77.0594353,38.9099,-77.0594
V02,V08,bluetooth,367.0,371.0,4.0,9.9,34.1,38.9099012,-77.0578065,38.9099,-77.0582001,38.9099009,-77.0581874,38.9099,-77.0578192
V05,WIS_O,wifi,359.0,371.0,12.0,6.44,61.58,38.9080757,-77.0601086,38.9081,-77.0594,38.9086526,-77.0594318,38.9081,-77.0594
ESC2,V06,bluetooth,373.0,377.0,4.0,10.21,33.29,38.9062328,-77.0630642,38.9059349,-77.0630966,38.9059452,-77.0630691,38.9062313,-77.0630994
V02,WIS_P,bluetooth,376.0,384.0,8.0,4.95,39.05,38.9099003,-77.0589493,38.9099,-77.0594,38.9099,-77.0598381,38.9099,-77.0594
COI,EDGE_3,bluetooth,383.0,388.0,5.0,35.09,43.52,38.9100606,-77.0557048,38.9099,-77.0552994,38.9096658,-77.0557015,38.9099,-77.0552994
ESC1,O_33,wifi,376.0,388.0,12.0,6.89,61.89,38.9086557,-77.0557197,38.9081,-77.0557,38.9081216,-77.0564106,38.9081,-77.0557
V03,WIS_O,bluetooth,380.0,388.0,8.0,6.88,39.88,38.9084582,-77.0594087,38.9081,-77.0594,38.9081292,-77.0589435,38.9081,-77.0594
COI,P_33,bluetooth,381.0,389.0,8.0,4.08,39.88,38.9102582,-77.0557106,38.9099,-77.0557,38.9095669,-77.0557014,38.9099,-77.0557
V08,EDGE_3,bluetooth,386.0,389.0,3.0,40.08,42.88,38.9099,-77.0557875,38.9099,-77.0552994,38.9097424,-77.055751,38.9099,-77.0552994
V04,V07,wifi,382.0,391.0,9.0,9.86,64.2,38.9045619,-77.0611938,38.9043809,-77.0606077,38.9043961,-77.0604997,38.9046566,-77.0611608
V04,M_36,wifi,379.0,391.0,12.0,7.16,62.16,38.9048583,-77.0611867,38.9043,-77.0612,38.9043961,-77.0604997,38.9043,-77.0612
V08,P_33,bluetooth,383.0,391.0,8.0,7.58,40.58,38.9099,-77.0561684,38.9099,-77.0557,38.9095448,-77.0557449,38.9099,-77.0557
V07,M_36,wifi,381.0,393.0,12.0,8.1,63.1,38.904398,-77.0604826,38.9043,-77.0612,38.9048542,-77.0611655,38.9043,-77.0612
V00,V01,wifi,390.0,396.0,6.0,57.52,62.16,38.9104557,-77.0557173,38.9099,-77.0557876,38.9099618,-77.0557019,38.909446,-77.0557419
ESC1,V03,bluetooth,395.0,400.0,5.0,0.53,44.41,38.9081015,-77.0574261,38.9081087,-77.057928,38.9081011,-77.0579335,38.9081009,-77.0574208
V00,P_33,bluetooth,392.0,400.0,8.0,6.88,39.88,38.9102582,-77.0557111,38.9099,-77.0557,38.9099295,-77.0552435,38.9099,-77.0557
ESC2,EDGE_0,wifi,386.0,401.0,15.0,0.8,63.14,38.9049571,-77.0630856,38.9044685,-77.0631,38.9041108,-77.0625343,38.9044685,-77.0631
V00,EDGE_3,bluetooth,394.0,403.0,9.0,5.85,39.43,38.9100606,-77.055705,38.9099,-77.0552994,38.9099217,-77.0548627,38.9099,-77.0552994
V06,EDGE_1,bluetooth,397.0,406.0,9.0,0.07,44.06,38.9062994,-77.0604858,38.9063,-77.0599786,38.9063,-77.05947,38.9063,-77.0599786
COI,V08,wifi,382.0,408.0,26.0,16.81,58.53,38.9101594,-77.0557077,38.9099,-77.0562954,38.9076895,-77.0557001,38.9081321,-77.0553705
COI,V01,wifi,385.0,409.0,24.0,47.36,63.68,38.9098634,-77.0557017,38.9099,-77.0564225,38.9075907,-77.0557001,38.9081618,-77.0557019
COI,O_33,wifi,397.0,409.0,12.0,1.7,64.3,38.9086776,-77.0557006,38.9081,-77.0557,38.9075907,-77.0557001,38.9081,-77.0557
V01,V08,wifi,295.0,410.0,115.0,28.38,58.11,38.9112219,-77.0612001,38.9116985,-77.0611261,38.9081341,-77.0557873,38.9081269,-77.0551166
V06,WIS_N,bluetooth,402.0,410.0,8.0,4.94,39.06,38.9062997,-77.0598509,38.9063,-77.0594,38.9063,-77.0589621,38.9063,-77.0594
V08,O_33,wifi,399.0,411.0,12.0,6.88,61.88,38.9086557,-77.0557173,38.9081,-77.0557,38.9081243,-77.0549896,38.9081,-77.0557
V01,O_33,wifi,403.0,415.0,12.0,6.88,61.88,38.9086557,-77.0557173,38.9081,-77.0557,38.9081217,-77.0564106,38.9081,-77.0557
ESC1,WIS_O,wifi,405.0,417.0,12.0,4.95,61.04,38.9081005,-77.0586953,38.9081,-77.0594,38.9081,-77.0600921,38.9081,-77.0594
ESC2,M_36,wifi,405.0,417.0,12.0,3.45,62.49,38.9041994,-77.0619097,38.9043,-77.0612,38.9043727,-77.0605319,38.9043,-77.0612
ESC1,V05,wifi,417.0,423.0,6.0,9.89,56.51,38.9081,-77.0602191,38.9081297,-77.0608702,38.9081,-77.060854,38.9081169,-77.0602355
V04,WIS_N,wifi,411.0,423.0,12.0,7.12,62.12,38.9057423,-77.0594217,38.9063,-77.0594,38.9062772,-77.0601107,38.9063,-77.0594
COI,EDGE_2,wifi,418.0,425.0,7.0,52.16,62.08,38.9066025,-77.0557,38.9063,-77.056302,38.9060096,-77.0557,38.9063,-77.056302
COI,N_33,wifi,416.0,427.0,11.0,0.68,55.68,38.9068002,-77.0557,38.9063,-77.0557,38.905812,-77.0557,38.9063,-77.0557
V05,WIS_O,wifi,423.0,435.0,12.0,6.41,61.56,38.9081143,-77.0601086,38.9081,-77.0594,38.9086526,-77.0594276,38.9081,-77.0594
V06,EDGE_2,bluetooth,426.0,435.0,9.0,0.56,44.56,38.9063,-77.0568035,38.9063,-77.056302,38.9063,-77.0557876,38.9063,-77.056302
V01,WIS_O,wifi,432.0,444.0,12.0,6.05,61.56,38.9081005,-77.0586953,38.9081,-77.0594,38.9075474,-77.0593739,38.9081,-77.0594
ESC2,WIS_N,wifi,437.0,449.0,12.0,7.68,62.68,38.9057376,-77.0594338,38.9063,-77.0594,38.9062747,-77.0601112,38.9063,-77.0594
V00,O_33,wifi,438.0,450.0,12.0,4.08,61.55,38.9081131,-77.0550182,38.9081,-77.0557,38.9075472,-77.0556888,38.9081,-77.0557
V03,V06,bluetooth,446.0,450.0,4.0,33.01,40.06,38.9062326,-77.0538156,38.9063,-77.0542639,38.9059444,-77.0538117,38.9063,-77.053883
ESC2,EDGE_1,bluetooth,443.0,452.0,9.0,3.19,44.51,38.9062602,-77.0594883,38.9063,-77.0599786,38.9062835,-77.0604919,38.9063,-77.0599786
ESC1,V02,bluetooth,450.0,454.0,4.0,3.32,41.18,38.9091467,-77.0630766,38.9093698,-77.0630997,38.909443,-77.0630858,38.9090733,-77.0630998
V02,V07,bluetooth,450.0,454.0,4.0,5.19,38.81,38.9093698,-77.0630997,38.9091255,-77.0630998,38.9090733,-77.0630998,38.9094219,-77.0630999
V01,WIS_N,wifi,450.0,462.0,12.0,6.88,61.88,38.9068558,-77.0593884,38.9063,-77.0594,38.9063227,-77.0586895,38.9063,-77.0594
V00,EDGE_2,wifi,459.0,466.0,7.0,52.36,64.06,38.906559,-77.0556977,38.9063,-77.056302,38.9059663,-77.0556996,38.9063,-77.056302
COI,V08,wifi,459.0,467.0,8.0,9.74,61.84,38.9052344,-77.0525995,38.9055492,-77.0520113,38.9055545,-77.0520591,38.9052584,-77.0525823
V00,N_33,wifi,456.0,468.0,12.0,4.15,61.84,38.9068555,-77.055695,38.9063,-77.0557,38.9057686,-77.0556997,38.9063,-77.0557
ESC1,V05,wifi,465.0,470.0,5.0,3.3,44.27,38.9099378,-77.062269,38.909899,-77.0617604,38.9099198,-77.0617616,38.9098994,-77.0622683
V05,V07,wifi,464.0,470.0,6.0,10.84,55.49,38.9098989,-77.0616334,38.9098669,-77.0622624,38.9098994,-77.0622683,38.9098867,-77.061628
V00,V03,bluetooth,472.0,477.0,5.0,2.82,41.18,38.9052746,-77.0556999,38.9049079,-77.0556365,38.904951,-77.0557899,38.905253,-77.0556856
ESC1,V07,wifi,436.0,478.0,42.0,2.34,64.41,38.9081,-77.0626316,38.9077422,-77.0630967,38.9099014,-77.0607473,38.9094474,-77.0612084
V04,V05,wifi,476.0,482.0,6.0,10.95,54.72,38.9093446,-77.063095,38.9098327,-77.0630639,38.9098386,-77.0630994,38.9093474,-77.063074
V01,EDGE_2,wifi,474.0,486.0,12.0,2.1,63.9,38.9063007,-77.0570397,38.9063,-77.056302,38.9063,-77.0556429,38.9063,-77.056302
V01,N_33,wifi,479.0,491.0,12.0,4.95,61.05,38.9063003,-77.0564048,38.9063,-77.0557,38.9063,-77.055008,38.9063,-77.0557
ESC1,WIS_P,bluetooth,484.0,492.0,8.0,4.28,39.71,38.9099005,-77.0598584,38.9099,-77.0594,38.9099001,-77.0589696,38.9099,-77.0594
COI,V01,wifi,491.0,497.0,6.0,9.87,56.13,38.9062992,-77.0542331,38.9063,-77.054881,38.9062995,-77.054868,38.9063,-77.0542461
COI,V03,bluetooth,493.0,497.0,4.0,10.69,33.48,38.9062993,-77.0544871,38.9062812,-77.0548627,38.9062995,-77.054868,38.9062879,-77.0544818
V01,V08,wifi,491.0,497.0,6.0,10.31,55.91,38.9063,-77.054881,38.9062773,-77.0542566,38.9063,-77.0542461,38.9062873,-77.0548914
V03,V08,bluetooth,493.0,497.0,4.0,8.51,35.48,38.9062812,-77.0548627,38.9062813,-77.0545105,38.9062879,-77.0544818,38.9062873,-77.0548914
ESC2,EDGE_0,wifi,485.0,500.0,15.0,0.8,63.14,38.9049571,-77.0630856,38.9044685,-77.0631,38.9041108,-77.0625343,38.9044685,-77.0631
V06,EDGE_3,bluetooth,498.0,502.0,4.0,35.33,44.97,38.909641,-77.0556977,38.9099,-77.0552994,38.9098644,-77.0557865,38.9099,-77.0552994
V06,P_33,bluetooth,497.0,505.0,8.0,6.84,39.84,38.9095421,-77.0556968,38.9099,-77.0557,38.9098721,-77.0561566,38.9099,-77.0557
V08,EDGE_2,wifi,502.0,506.0,4.0,53.98,60.47,38.9062993,-77.0556531,38.9063,-77.056302,38.9065563,-77.0556866,38.9063,-77.056302
COI,V08,wifi,484.0,507.0,23.0,2.01,55.54,38.9062933,-77.0533447,38.9059509,-77.0537862,38.9063,-77.0561378,38.9066551,-77.0556875
COI,N_33,wifi,497.0,509.0,12.0,4.92,61.08,38.9062996,-77.054995,38.9063,-77.0557,38.9063,-77.0563917,38.9063,-77.0557
V08,N_33,wifi,497.0,509.0,12.0,4.07,61.54,38.9062893,-77.0550183,38.9063,-77.0557,38.9068528,-77.0556892,38.9063,-77.0557
ESC1,V06,bluetooth,507.0,511.0,4.0,9.44,34.77,38.9099,-77.056938,38.90988,-77.0565374,38.9099,-77.056557,38.9098879,-77.0569182
COI,EDGE_2,wifi,502.0,514.0,12.0,3.23,62.77,38.9063,-77.0556299,38.9063,-77.056302,38.9063,-77.0570266,38.9063,-77.056302
ESC2,V02,bluetooth,512.0,514.0,2.0,43.6,44.68,38.9043303,-77.0609089,38.9046597,-77.0612035,38.9043444,-77.0607832,38.9045609,-77.0612026
V04,V05,wifi,509.0,515.0,6.0,49.36,62.3,38.9086566,-77.0612037,38.9081008,-77.0611206,38.9081625,-77.0612004,38.9081005,-77.0604857
ESC2,M_36,wifi,504.0,516.0,12.0,3.45,62.49,38.9041994,-77.0619097,38.9043,-77.0612,38.9043727,-77.0605319,38.9043,-77.0612
ESC2,V00,wifi,512.0,518.0,6.0,9.67,56.34,38.9043303,-77.0609089,38.9044002,-77.060296,38.9044009,-77.0602805,38.9043306,-77.0609245
ESC1,EDGE_3,bluetooth,516.0,519.0,3.0,40.73,43.46,38.9099,-77.0557952,38.9099,-77.0552994,38.9097423,-77.0557583,38.9099,-77.0552994
V02,M_36,bluetooth,512.0,520.0,8.0,7.04,40.04,38.9046597,-77.0612035,38.9043,-77.0612,38.9042878,-77.0616574,38.9043,-77.0612
ESC1,P_33,bluetooth,513.0,521.0,8.0,8.24,41.24,38.9099,-77.0561761,38.9099,-77.0557,38.9095447,-77.0557513,38.9099,-77.0557
V07,EDGE_1,bluetooth,514.0,523.0,9.0,2.21,44.42,38.9063369,-77.0604892,38.9063,-77.0599786,38.9063025,-77.0594743,38.9063,-77.0599786
V00,M_36,wifi,514.0,526.0,12.0,2.12,63.88,38.9043724,-77.0605474,38.9043,-77.0612,38.9042236,-77.0619308,38.9043,-77.0612
V08,O_33,wifi,515.0,527.0,12.0,4.14,61.85,38.9075444,-77.0556952,38.9081,-77.0557,38.9086313,-77.0556996,38.9081,-77.0557
V05,WIS_O,wifi,517.0,529.0,12.0,6.05,61.56,38.9081003,-77.0601048,38.9081,-77.0594,38.9075474,-77.0594261,38.9081,-77.0594
V07,WIS_N,wifi,517.0,529.0,12.0,6.44,61.58,38.906324,-77.0601086,38.9063,-77.0594,38.9057474,-77.0594318,38.9063,-77.0594
ESC1,V08,wifi,525.0,531.0,6.0,8.53,57.78,38.9090508,-77.0557337,38.9085325,-77.0556996,38.908557,-77.0557162,38.9090265,-77.0556997
V06,WIS_P,bluetooth,526.0,534.0,8.0,6.06,39.6,38.9098996,-77.0589491,38.9099,-77.0594,38.910255,-77.0593696,38.9099,-77.0594
ESC2,V07,wifi,530.0,536.0,6.0,3.28,64.95,38.9051454,-77.0594695,38.9055498,-77.0594267,38.9056389,-77.0594398,38.9050558,-77.0594142
COI,WIS_N,wifi,526.0,538.0,12.0,7.6,62.6,38.9063,-77.0586773,38.9063,-77.0594,38.9068528,-77.059361,38.9063,-77.0594
ESC1,V03,bluetooth,532.0,538.0,6.0,8.19,39.92,38.9083594,-77.0557092,38.9080942,-77.055399,38.9081291,-77.0560298,38.9083564,-77.0556862
COI,V05,wifi,534.0,539.0,5.0,4.48,44.65,38.9065564,-77.0593518,38.9069546,-77.0594137,38.9069515,-77.0593641,38.9065594,-77.0594054
ESC1,O_33,wifi,529.0,541.0,12.0,6.89,61.89,38.9086557,-77.0557197,38.9081,-77.0557,38.9081216,-77.0564106,38.9081,-77.0557
V01,EDGE_2,wifi,538.0,542.0,4.0,52.64,59.79,38.9060435,-77.0556965,38.9063,-77.056302,38.9062679,-77.0556131,38.9063,-77.056302
V08,EDGE_3,bluetooth,537.0,542.0,5.0,34.75,42.06,38.9097182,-77.0556999,38.9099,-77.0552994,38.9101135,-77.0557,38.9099,-77.0552994
V00,EDGE_0,wifi,530.0,543.0,13.0,8.92,58.23,38.9041571,-77.0625599,38.9044685,-77.0631,38.9049579,-77.0630248,38.9044685,-77.0631
V08,P_33,bluetooth,535.0,543.0,8.0,1.76,42.23,38.9095206,-77.0556999,38.9099,-77.0557,38.9102123,-77.0557,38.9099,-77.0557
ESC2,V05,wifi,539.0,546.0,7.0,3.59,59.61,38.9060337,-77.059416,38.9064606,-77.0594034,38.9062688,-77.0598573,38.905868,-77.059401
ESC2,V04,wifi,541.0,547.0,6.0,5.04,61.89,38.9062311,-77.0594041,38.9063238,-77.0601086,38.9062717,-77.0599843,38.9063025,-77.0594743
V01,N_33,wifi,535.0,547.0,12.0,6.56,61.59,38.905747,-77.0556924,38.9063,-77.0557,38.906279,-77.0549896,38.9063,-77.0557
V04,V05,wifi,541.0,547.0,6.0,47.65,61.65,38.9063238,-77.0601086,38.9062633,-77.0594012,38.9063025,-77.0594743,38.9057692,-77.0594009
V05,WIS_N,wifi,535.0,547.0,12.0,4.09,61.88,38.9068558,-77.0594116,38.9063,-77.0594,38.9057692,-77.0594009,38.9063,-77.0594
ESC2,WIS_N,wifi,536.0,548.0,12.0,7.68,62.68,38.9057376,-77.0594338,38.9063,-77.0594,38.9062747,-77.0601112,38.9063,-77.0594
ESC2,EDGE_1,bluetooth,542.0,551.0,9.0,3.19,44.51,38.9062602,-77.0594883,38.9063,-77.0599786,38.9062835,-77.0604919,38.9063,-77.0599786
V04,WIS_N,wifi,541.0,553.0,12.0,4.49,61.44,38.9063238,-77.0601086,38.9063,-77.0594,38.9063015,-77.0587133,38.9063,-77.0594
COI,WIS_O,wifi,544.0,556.0,12.0,4.08,61.88,38.9075443,-77.0593826,38.9081,-77.0594,38.9086307,-77.0593987,38.9081,-77.0594
V00,V02,bluetooth,516.0,557.0,41.0,21.35,42.53,38.9043445,-77.0607988,38.9043357,-77.0612897,38.9063394,-77.0630969,38.9062665,-77.0626432
V03,P_33,bluetooth,549.0,557.0,8.0,6.84,39.84,38.9095422,-77.0556968,38.9099,-77.0557,38.9098723,-77.0552434,38.9099,-77.0557
V03,EDGE_3,bluetooth,550.0,560.0,10.0,5.74,44.97,38.909641,-77.0556977,38.9099,-77.0552994,38.9098796,-77.0548626,38.9099,-77.0552994
ESC2,V02,bluetooth,560.0,564.0,4.0,10.65,33.55,38.9062988,-77.0617608,38.9062783,-77.0621355,38.9062992,-77.0621417,38.9062871,-77.0617547
ESC1,WIS_O,wifi,558.0,570.0,12.0,4.95,61.04,38.9081005,-77.0586953,38.9081,-77.0594,38.9081,-77.0600921,38.9081,-77.0594
COI,WIS_P,bluetooth,564.0,572.0,8.0,1.7,42.3,38.90952,-77.0593996,38.9099,-77.0594,38.9102117,-77.0593999,38.9099,-77.0594
V04,EDGE_2,wifi,566.0,577.0,11.0,0.11,55.11,38.9063001,-77.0569357,38.9063,-77.056302,38.9063,-77.0556659,38.9063,-77.056302
V04,V07,wifi,579.0,581.0,2.0,63.0,63.63,38.9063,-77.055285,38.9058441,-77.0557281,38.9063,-77.055158,38.9059428,-77.055722
V04,N_33,wifi,570.0,582.0,12.0,2.95,63.05,38.9063,-77.0564278,38.9063,-77.0557,38.9063,-77.055031,38.9063,-77.0557
V07,EDGE_2,wifi,580.0,585.0,5.0,52.27,64.08,38.9059428,-77.055722,38.9063,-77.056302,38.9062621,-77.0556146,38.9063,-77.056302
V01,V05,wifi,583.0,589.0,6.0,3.48,62.51,38.904894,-77.0557616,38.9048335,-77.0563042,38.9048239,-77.0563901,38.9049021,-77.0556756
COI,V08,wifi,582.0,590.0,8.0,10.91,59.37,38.9112986,-77.0594,38.9116992,-77.0589476,38.9116385,-77.0598575,38.911345,-77.0593685
V07,N_33,wifi,578.0,590.0,12.0,6.81,61.81,38.9057454,-77.0557342,38.9063,-77.0557,38.9062752,-77.0549898,38.9063,-77.0557
COI,WIS_Q,wifi,581.0,592.0,11.0,11.56,61.84,38.9111998,-77.0594,38.9117,-77.0594,38.9116501,-77.060111,38.9117,-77.0594
V08,WIS_Q,wifi,580.0,592.0,12.0,6.19,61.56,38.9116988,-77.0586936,38.9117,-77.0594,38.9111474,-77.0593728,38.9117,-77.0594
V04,V07,wifi,593.0,596.0,3.0,58.78,61.42,38.906043,-77.0538453,38.9062858,-77.054482,38.9058455,-77.0538358,38.9062911,-77.0542282
V00,V06,bluetooth,592.0,597.0,5.0,7.26,43.71,38.9098967,-77.0631,38.9101594,-77.0630946,38.9102919,-77.0631,38.9099324,-77.0628973
ESC2,EDGE_0,wifi,584.0,599.0,15.0,0.8,63.14,38.9049571,-77.0630856,38.9044685,-77.0631,38.9041108,-77.0625343,38.9044685,-77.0631
V02,WIS_O,bluetooth,596.0,604.0,8.0,6.42,39.64,38.9080906,-77.0598548,38.9081,-77.0594,38.9084551,-77.0594355,38.9081,-77.0594
V04,V05,wifi,599.0,607.0,8.0,4.03,60.81,38.9054506,-77.0538168,38.9050481,-77.0542915,38.9050793,-77.0542572,38.9054514,-77.0538681
V08,WIS_P,bluetooth,600.0,608.0,8.0,4.09,39.88,38.9102582,-77.0593922,38.9099,-77.0594,38.9095668,-77.0593989,38.9099,-77.0594
V05,V07,wifi,604.0,610.0,6.0,12.01,55.38,38.9052541,-77.0538839,38.905748,-77.0538067,38.9057473,-77.0538444,38.9052539,-77.0538016
V02,V08,bluetooth,609.0,613.0,4.0,8.35,35.83,38.9090478,-77.0594209,38.9093692,-77.0593991,38.9093442,-77.0594136,38.9090728,-77.0593993
V03,V07,bluetooth,613.0,614.0,1.0,43.97,43.97,38.9053958,-77.0538,38.9050971,-77.0541321,38.9053958,-77.0538,38.9050971,-77.0541321
COI,V00,wifi,609.0,615.0,6.0,9.3,62.69,38.9116988,-77.0623936,38.9115765,-77.0631,38.9116999,-77.0630285,38.9116296,-77.0625157
ESC2,M_36,wifi,603.0,615.0,12.0,3.45,62.49,38.9041994,-77.0619097,38.9043,-77.0612,38.9043727,-77.0605319,38.9043,-77.0612
ESC2,V01,wifi,615.0,621.0,6.0,10.33,55.67,38.9043868,-77.0604062,38.9044567,-77.0597855,38.9044575,-77.0597778,38.9043871,-77.0604141
V02,WIS_P,bluetooth,614.0,622.0,8.0,4.09,39.88,38.9095418,-77.0594088,38.9099,-77.0594,38.9102331,-77.0594012,38.9099,-77.0594
V04,V07,wifi,620.0,624.0,4.0,57.1,62.65,38.9051542,-77.0556842,38.9049868,-77.0550095,38.9054506,-77.0556883,38.9049395,-77.0553856
V08,WIS_O,wifi,616.0,628.0,12.0,9.29,64.29,38.9086775,-77.0593996,38.9081,-77.0594,38.9081363,-77.0601108,38.9081,-77.0594
COI,V00,wifi,628.0,630.0,2.0,63.38,63.94,38.9117293,-77.0617505,38.9113469,-77.0612085,38.9117225,-77.0616238,38.9112481,-77.0612079
V01,M_36,wifi,621.0,633.0,12.0,2.78,63.22,38.9043731,-77.0605398,38.9043,-77.0612,38.9042244,-77.0619233,38.9043,-77.0612
V06,V08,bluetooth,630.0,634.0,4.0,10.88,33.16,38.9081305,-77.0608703,38.9081236,-77.0604914,38.9081226,-77.0604895,38.9081109,-77.060872
V04,EDGE_2,wifi,629.0,636.0,7.0,52.41,64.24,38.9060435,-77.0556965,38.9063,-77.056302,38.9066362,-77.0556994,38.9063,-77.056302
V04,N_33,wifi,626.0,638.0,12.0,4.42,61.56,38.905747,-77.0556924,38.9063,-77.0557,38.9068338,-77.0556994,38.9063,-77.0557
V07,EDGE_2,wifi,637.0,641.0,4.0,52.64,59.79,38.9060435,-77.0556964,38.9063,-77.056302,38.9062679,-77.0556131,38.9063,-77.056302
ESC1,WIS_P,bluetooth,637.0,645.0,8.0,4.28,39.71,38.9099005,-77.0598584,38.9099,-77.0594,38.9099001,-77.0589696,38.9099,-77.0594
V06,WIS_O,bluetooth,638.0,646.0,8.0,6.42,39.64,38.9081095,-77.0598548,38.9081,-77.0594,38.9077449,-77.0594355,38.9081,-77.0594
V07,N_33,wifi,634.0,646.0,12.0,6.56,61.59,38.905747,-77.0556923,38.9063,-77.0557,38.906279,-77.0549896,38.9063,-77.0557
ESC2,WIS_N,wifi,635.0,647.0,12.0,7.68,62.68,38.9057376,-77.0594338,38.9063,-77.0594,38.9062747,-77.0601112,38.9063,-77.0594
ESC2,EDGE_1,bluetooth,641.0,650.0,9.0,3.19,44.51,38.9062602,-77.0594883,38.9063,-77.0599786,38.9062835,-77.0604919,38.9063,-77.0599786
V01,EDGE_0,wifi,637.0,650.0,13.0,9.48,58.71,38.9041579,-77.0625524,38.9044685,-77.0631,38.9049587,-77.0630201,38.9044685,-77.0631
COI,WIS_Q,wifi,641.0,653.0,12.0,5.17,60.82,38.9117032,-77.0601021,38.9117,-77.0594,38.9117002,-77.0587055,38.9117,-77.0594
V03,V07,bluetooth,652.0,656.0,4.0,10.81,43.52,38.9062972,-77.0535986,38.9062947,-77.054101,38.9064575,-77.05376,38.9062329,-77.0538117
V04,O_33,wifi,644.0,656.0,12.0,2.04,63.96,38.9075255,-77.0556997,38.9081,-77.0557,38.9086124,-77.0557,38.9081,-77.0557
V00,WIS_P,bluetooth,653.0,661.0,8.0,6.42,39.61,38.90991,-77.0598548,38.9099,-77.0594,38.910255,-77.0594319,38.9099,-77.0594
V06,WIS_N,bluetooth,656.0,664.0,8.0,6.88,39.88,38.9066582,-77.0594088,38.9063,-77.0594,38.9063293,-77.0589435,38.9063,-77.0594
ESC2,V01,wifi,664.0,669.0,5.0,53.94,62.7,38.9062994,-77.0623957,38.9064388,-77.0630969,38.9062998,-77.0629036,38.906834,-77.0630976
ESC1,EDGE_3,bluetooth,669.0,672.0,3.0,40.73,43.46,38.9099,-77.0557952,38.9099,-77.0552994,38.9097423,-77.0557583,38.9099,-77.0552994
ESC1,V04,wifi,665.0,673.0,8.0,27.06,61.97,38.9099,-77.0563031,38.9096006,-77.0557,38.9096435,-77.0557548,38.9098453,-77.0551159
ESC1,P_33,bluetooth,666.0,674.0,8.0,8.24,41.24,38.9099,-77.0561761,38.9099,-77.0557,38.9095447,-77.0557513,38.9099,-77.0557
V00,WIS_Q,wifi,669.0,681.0,12.0,6.89,61.89,38.9111442,-77.0594123,38.9117,-77.0594,38.9116759,-77.0586896,38.9117,-77.0594
V02,EDGE_3,bluetooth,681.0,684.0,3.0,35.49,42.43,38.9100606,-77.0557034,38.9099,-77.0552994,38.9099346,-77.0557871,38.9099,-77.0552994
V02,P_33,bluetooth,679.0,687.0,8.0,6.88,39.88,38.9102582,-77.0557076,38.9099,-77.0557,38.9099271,-77.0561567,38.9099,-77.0557
V06,EDGE_2,bluetooth,680.0,688.0,8.0,2.08,41.92,38.9063006,-77.0567859,38.9063,-77.056302,38.9063001,-77.0558971,38.9063,-77.056302
ESC1,O_33,wifi,682.0,694.0,12.0,6.89,61.89,38.9086557,-77.0557197,38.9081,-77.0557,38.9081216,-77.0564106,38.9081,-77.0557
COI,EDGE_3,bluetooth,692.0,697.0,5.0,35.09,43.52,38.9100606,-77.0557048,38.9099,-77.0552994,38.9096658,-77.0557015,38.9099,-77.0552994
COI,P_33,bluetooth,690.0,698.0,8.0,4.08,39.88,38.9102582,-77.0557106,38.9099,-77.0557,38.9095669,-77.0557014,38.9099,-77.0557
ESC2,EDGE_0,wifi,683.0,698.0,15.0,0.8,63.14,38.9049571,-77.0630856,38.9044685,-77.0631,38.9041108,-77.0625343,38.9044685,-77.0631
ESC2,V05,wifi,707.0,714.0,7.0,8.19,57.75,38.9042879,-77.0612851,38.9043636,-77.0606256,38.9043727,-77.0605319,38.9044563,-77.0611736
ESC2,M_36,wifi,702.0,714.0,12.0,3.45,62.49,38.9041994,-77.0619097,38.9043,-77.0612,38.9043727,-77.0605319,38.9043,-77.0612
ESC1,V01,wifi,712.0,716.0,4.0,57.47,64.5,38.9081004,-77.0588223,38.9078438,-77.0594327,38.9081001,-77.0592033,38.9075474,-77.0594264
V01,WIS_O,wifi,704.0,716.0,12.0,6.1,61.56,38.9080995,-77.0601053,38.9081,-77.0594,38.9075474,-77.0594264,38.9081,-77.0594
V02,WIS_P,bluetooth,708.0,716.0,8.0,6.05,39.6,38.9099003,-77.0589493,38.9099,-77.0594,38.910255,-77.0593699,38.9099,-77.0594
COI,O_33,wifi,706.0,718.0,12.0,1.7,64.3,38.9086776,-77.0557006,38.9081,-77.0557,38.9075907,-77.0557001,38.9081,-77.0557
V05,M_36,wifi,706.0,718.0,12.0,6.26,61.42,38.9043775,-77.0604999,38.9043,-77.0612,38.9048515,-77.0611793,38.9043,-77.0612
ESC1,V03,bluetooth,685.0,719.0,34.0,8.17,33.93,38.9083594,-77.0557092,38.9080965,-77.0555259,38.9081,-77.0595842,38.9083561,-77.0593716
ESC2,V07,wifi,714.0,720.0,6.0,10.33,55.67,38.9043868,-77.0604062,38.9044567,-77.0597855,38.9044575,-77.0597778,38.9043871,-77.0604141
V03,WIS_O,bluetooth,712.0,720.0,8.0,5.67,39.58,38.9081,-77.0589537,38.9081,-77.0594,38.9084549,-77.0593735,38.9081,-77.0594
ESC1,WIS_O,wifi,711.0,723.0,12.0,4.95,61.04,38.9081005,-77.0586953,38.9081,-77.0594,38.9081,-77.0600921,38.9081,-77.0594
V00,EDGE_3,bluetooth,720.0,723.0,3.0,35.49,42.43,38.9100606,-77.0557034,38.9099,-77.0552994,38.9099346,-77.0557871,38.9099,-77.0552994
V00,P_33,bluetooth,718.0,726.0,8.0,6.88,39.88,38.9102582,-77.0557075,38.9099,-77.0557,38.9099271,-77.0561567,38.9099,-77.0557
V07,M_36,wifi,720.0,732.0,12.0,2.78,63.22,38.9043731,-77.0605398,38.9043,-77.0612,38.9042244,-77.0619233,38.9043,-77.0612
COI,EDGE_2,wifi,727.0,734.0,7.0,52.16,62.08,38.9066025,-77.0557,38.9063,-77.056302,38.9060096,-77.0557,38.9063,-77.056302
V01,WIS_N,wifi,722.0,734.0,12.0,6.88,61.88,38.9068558,-77.0594118,38.9063,-77.0594,38.906324,-77.0586896,38.9063,-77.0594
COI,N_33,wifi,725.0,736.0,11.0,0.68,55.68,38.9068002,-77.0557,38.9063,-77.0557,38.905812,-77.0557,38.9063,-77.0557
V03,WIS_P,bluetooth,730.0,738.0,8.0,4.09,39.88,38.9095418,-77.0593934,38.9099,-77.0594,38.9102332,-77.0593991,38.9099,-77.0594
ESC2,WIS_N,wifi,734.0,746.0,12.0,7.68,62.68,38.9057376,-77.0594338,38.9063,-77.0594,38.9062747,-77.0601112,38.9063,-77.0594
V05,V08,wifi,741.0,747.0,6.0,40.9,59.12,38.9062851,-77.0624181,38.9063068,-77.0631,38.906299,-77.0630528,38.9058128,-77.0631
ESC2,EDGE_1,bluetooth,740.0,749.0,9.0,3.19,44.51,38.9062602,-77.0594883,38.9063,-77.0599786,38.9062835,-77.0604919,38.9063,-77.0599786
V07,EDGE_0,wifi,736.0,749.0,13.0,9.48,58.71,38.9041579,-77.0625524,38.9044685,-77.0631,38.9049587,-77.0630201,38.9044685,-77.0631
V06,WIS_N,bluetooth,746.0,754.0,8.0,6.58,39.64,38.9059446,-77.0593874,38.9063,-77.0594,38.9062751,-77.0589435,38.9063,-77.0594
V00,WIS_P,bluetooth,747.0,755.0,8.0,6.05,39.6,38.9099003,-77.0589493,38.9099,-77.0594,38.909545,-77.0593697,38.9099,-77.0594
V07,V08,wifi,749.0,755.0,6.0,8.93,58.98,38.9050574,-77.063026,38.9055163,-77.0631,38.905551,-77.0630554,38.9050223,-77.0631
V01,EDGE_2,wifi,746.0,758.0,12.0,2.09,63.91,38.9063007,-77.0570398,38.9063,-77.056302,38.9063,-77.0556431,38.9063,-77.056302
COI,V04,wifi,755.0,761.0,6.0,9.19,56.71,38.905075,-77.0542353,38.9051281,-77.0535842,38.9051242,-77.0536054,38.9050583,-77.054212
V01,N_33,wifi,751.0,763.0,12.0,4.93,61.07,38.9063004,-77.0564049,38.9063,-77.0557,38.9063,-77.0550082,38.9063,-77.0557
ESC2,V07,wifi,763.0,768.0,5.0,53.94,62.7,38.9062994,-77.0623957,38.9064388,-77.0630969,38.9062998,-77.0629036,38.906834,-77.0630976
V08,EDGE_0,wifi,754.0,768.0,14.0,4.36,61.64,38.9050223,-77.0631,38.9044685,-77.0631,38.9042316,-77.0625212,38.9044685,-77.0631
V00,WIS_O,wifi,763.0,775.0,12.0,4.09,61.88,38.9086558,-77.0593884,38.9081,-77.0594,38.9075692,-77.0593991,38.9081,-77.0594
V06,EDGE_2,bluetooth,770.0,778.0,8.0,2.1,41.9,38.9062995,-77.0567857,38.9063,-77.056302,38.9062999,-77.0558969,38.9063,-77.056302
ESC1,V03,bluetooth,780.0,784.0,4.0,33.06,40.07,38.9099018,-77.0611282,38.9102583,-77.0611923,38.9099014,-77.0607473,38.9099619,-77.0611987
V08,M_36,wifi,772.0,784.0,12.0,4.71,61.17,38.9042644,-77.0618877,38.9043,-77.0612,38.9043795,-77.0605014,38.9043,-77.0612
COI,V01,wifi,781.0,789.0,8.0,2.84,63.72,38.9061463,-77.0520122,38.9063,-77.0525956,38.9062839,-77.05271,38.9060427,-77.0520429
V04,N_33,wifi,780.0,792.0,12.0,6.04,61.59,38.905752,-77.0556751,38.9063,-77.0557,38.9062808,-77.0564106,38.9063,-77.0557
V00,WIS_N,wifi,781.0,793.0,12.0,1.71,64.29,38.9068775,-77.0593996,38.9063,-77.0594,38.9057905,-77.0594,38.9063,-77.0594
ESC2,EDGE_0,wifi,782.0,797.0,15.0,0.8,63.14,38.9049571,-77.0630856,38.9044685,-77.0631,38.9041108,-77.0625343,38.9044685,-77.0631
V04,EDGE_2,wifi,783.0,797.0,14.0,2.87,64.39,38.9060483,-77.0556886,38.9063,-77.056302,38.906292,-77.0570453,38.9063,-77.056302
COI,V06,bluetooth,794.0,798.0,4.0,26.83,39.69,38.9062952,-77.0534717,38.9063672,-77.0538316,38.906299,-77.0538522,38.9066549,-77.0538264
ESC1,WIS_P,bluetooth,790.0,798.0,8.0,4.28,39.71,38.9099005,-77.0598584,38.9099,-77.0594,38.9099001,-77.0589696,38.9099,-77.0594
V05,WIS_O,wifi,788.0,800.0,12.0,6.06,61.56,38.9080997,-77.0601048,38.9081,-77.0594,38.9086526,-77.0594262,38.9081,-77.0594
V00,V08,wifi,796.0,802.0,6.0,6.88,60.63,38.9053953,-77.0594,38.9049513,-77.059457,38.9049012,-77.0594,38.9054451,-77.0594361
ESC2,M_36,wifi,801.0,813.0,12.0,3.45,62.49,38.9041994,-77.0619097,38.9043,-77.0612,38.9043727,-77.0605319,38.9043,-77.0612
V04,V08,wifi,809.0,815.0,6.0,38.21,61.69,38.9062995,-77.0586954,38.9062352,-77.0594027,38.9063,-77.0593303,38.9067287,-77.059402
V08,WIS_N,wifi,804.0,816.0,12.0,3.73,62.22,38.9057414,-77.0594236,38.9063,-77.0594,38.9068275,-77.0594019,38.9063,-77.0594
COI,N_33,wifi,806.0,818.0,12.0,4.92,61.08,38.9062996,-77.054995,38.9063,-77.0557,38.9063,-77.0563917,38.9063,-77.0557
V04,WIS_N,wifi,809.0,821.0,12.0,6.04,61.55,38.9062995,-77.0586954,38.9063,-77.0594,38.9057474,-77.0593741,38.9063,-77.0594
COI,EDGE_2,wifi,811.0,823.0,12.0,3.23,62.77,38.9063,-77.0556299,38.9063,-77.056302,38.9063,-77.0570266,38.9063,-77.056302
ESC1,EDGE_3,bluetooth,822.0,825.0,3.0,40.73,43.46,38.9099,-77.0557952,38.9099,-77.0552994,38.9097423,-77.0557583,38.9099,-77.0552994
ESC1,P_33,bluetooth,819.0,827.0,8.0,8.24,41.24,38.9099,-77.0561761,38.9099,-77.0557,38.9095447,-77.0557513,38.9099,-77.0557
ESC2,V04,wifi,824.0,830.0,6.0,12.19,56.73,38.9048492,-77.0594873,38.9053522,-77.0593823,38.9053428,-77.0594576,38.9048582,-77.0593926
V08,WIS_O,wifi,822.0,834.0,12.0,9.65,64.65,38.9075192,-77.0594009,38.9081,-77.0594,38.9080617,-77.0601109,38.9081,-77.0594
V07,V08,bluetooth,834.0,839.0,5.0,5.41,44.35,38.9081292,-77.0607433,38.9080661,-77.0602378,38.9081182,-77.0602356,38.908084,-77.0607452
COI,ESC2,wifi,836.0,844.0,8.0,25.57,63.29,38.9063,-77.0588043,38.9060337,-77.059416,38.9065564,-77.0593518,38.9062717,-77.0599843
ESC2,WIS_N,wifi,833.0,845.0,12.0,7.68,62.68,38.9057376,-77.0594338,38.9063,-77.0594,38.9062747,-77.0601112,38.9063,-77.0594
COI,WIS_N,wifi,835.0,847.0,12.0,7.6,62.6,38.9063,-77.0586773,38.9063,-77.0594,38.9068528,-77.059361,38.9063,-77.0594
ESC1,O_33,wifi,835.0,847.0,12.0,6.89,61.89,38.9086557,-77.0557197,38.9081,-77.0557,38.9081216,-77.0564106,38.9081,-77.0557
ESC2,EDGE_1,bluetooth,839.0,848.0,9.0,3.19,44.51,38.9062602,-77.0594883,38.9063,-77.0599786,38.9062835,-77.0604919,38.9063,-77.0599786
V00,V06,bluetooth,845.0,849.0,4.0,2.79,41.24,38.9060423,-77.0557147,38.9062638,-77.0556996,38.9063378,-77.0557033,38.9059673,-77.0556997
V07,WIS_O,wifi,839.0,851.0,12.0,6.42,61.58,38.9081154,-77.0601087,38.9081,-77.0594,38.9075474,-77.0594307,38.9081,-77.0594
V00,EDGE_2,wifi,844.0,852.0,8.0,52.04,64.14,38.9059435,-77.0557204,38.9063,-77.056302,38.9066342,-77.0557027,38.9063,-77.056302
V04,M_36,wifi,841.0,853.0,12.0,2.8,63.15,38.9043989,-77.0604822,38.9043,-77.0612,38.9042323,-77.0618614,38.9043,-77.0612
V00,N_33,wifi,842.0,854.0,12.0,4.21,61.72,38.9057461,-77.0557316,38.9063,-77.0557,38.9068318,-77.0557023,38.9063,-77.0557
COI,V07,wifi,849.0,855.0,6.0,11.38,55.6,38.9071491,-77.0593703,38.9076461,-77.0594331,38.907643,-77.0593857,38.9071522,-77.059421
V05,WIS_Q,wifi,852.0,864.0,12.0,6.41,61.56,38.9116858,-77.0601086,38.9117,-77.0594,38.9111474,-77.0594276,38.9117,-77.0594
COI,WIS_O,wifi,853.0,865.0,12.0,4.08,61.88,38.9075443,-77.0593826,38.9081,-77.0594,38.9086307,-77.0593987,38.9081,-77.0594
V07,WIS_N,wifi,857.0,869.0,12.0,4.09,61.88,38.9068558,-77.0594137,38.9063,-77.0594,38.9057692,-77.059401,38.9063,-77.0594
V00,O_33,wifi,860.0,872.0,12.0,9.17,64.17,38.9075235,-77.0557011,38.9081,-77.0557,38.9080644,-77.0564109,38.9081,-77.0557
V04,EDGE_0,wifi,857.0,872.0,15.0,4.86,64.89,38.9041651,-77.0624904,38.9044685,-77.0631,38.9050507,-77.0630631,38.9044685,-77.0631
V02,V03,bluetooth,870.0,874.0,4.0,8.59,35.49,38.9116783,-77.0618817,38.9116699,-77.0615297,38.9116904,-77.0615011,38.9116772,-77.0619105
ESC1,WIS_O,wifi,864.0,876.0,12.0,4.95,61.04,38.9081005,-77.0586953,38.9081,-77.0594,38.9081,-77.0600921,38.9081,-77.0594
ESC2,V04,wifi,873.0,879.0,6.0,10.4,55.59,38.9057476,-77.0630724,38.9052483,-77.063069,38.9052536,-77.0630807,38.9057422,-77.0630835
V02,V08,bluetooth,874.0,880.0,6.0,8.13,44.34,38.9116945,-77.0613742,38.91132,-77.0611997,38.9113463,-77.0612089,38.9116467,-77.0609966
COI,V05,wifi,874.0,881.0,7.0,15.17,59.82,38.9096188,-77.0593997,38.9100606,-77.0594036,38.9102117,-77.0593999,38.9099245,-77.0599837
COI,WIS_P,bluetooth,873.0,881.0,8.0,1.7,42.3,38.90952,-77.0593996,38.9099,-77.0594,38.9102117,-77.0593999,38.9099,-77.0594
V01,N_33,wifi,881.0,893.0,12.0,4.07,61.9,38.9062893,-77.0550183,38.9063,-77.0557,38.9062996,-77.0564145,38.9063,-77.0557
COI,V08,wifi,890.0,896.0,6.0,27.27,57.63,38.9111998,-77.0594,38.9116933,-77.0596011,38.9116215,-77.0594873,38.9116982,-77.0589672
ESC2,EDGE_0,wifi,881.0,896.0,15.0,0.8,63.14,38.9049571,-77.0630856,38.9044685,-77.0631,38.9041108,-77.0625343,38.9044685,-77.0631
V01,EDGE_2,wifi,886.0,898.0,12.0,1.26,64.74,38.9062993,-77.0556531,38.9063,-77.056302,38.9062998,-77.0570494,38.9063,-77.056302
V08,WIS_Q,wifi,886.0,898.0,12.0,4.5,61.44,38.9116764,-77.0601085,38.9117,-77.0594,38.9116985,-77.0587133,38.9117,-77.0594
COI,WIS_Q,wifi,890.0,901.0,11.0,11.56,61.84,38.9111998,-77.0594,38.9117,-77.0594,38.9116501,-77.060111,38.9117,-77.0594
V00,WIS_O,wifi,889.0,901.0,12.0,6.1,61.56,38.9080991,-77.0586947,38.9081,-77.0594,38.9086526,-77.0593734,38.9081,-77.0594
V07,M_36,wifi,889.0,901.0,12.0,2.45,63.5,38.9044078,-77.0604802,38.9043,-77.0612,38.9042335,-77.0618572,38.9043,-77.0612
ESC2,V07,wifi,898.0,904.0,6.0,5.92,60.97,38.904164,-77.0621595,38.9042605,-77.0616056,38.9042525,-77.0615349,38.904193,-77.0622345
V06,WIS_N,bluetooth,902.0,910.0,8.0,6.53,39.67,38.9059451,-77.0593864,38.9063,-77.0594,38.9062732,-77.0598566,38.9063,-77.0594
COI,V05,wifi,904.0,911.0,7.0,3.62,61.93,38.9116733,-77.060618,38.9113418,-77.0611921,38.911697,-77.0613778,38.9116703,-77.0608702
ESC1,V03,bluetooth,907.0,911.0,4.0,8.41,35.91,38.9089491,-77.0630705,38.9092709,-77.0630997,38.9092455,-77.0630797,38.9089745,-77.0630998
ESC2,M_36,wifi,900.0,912.0,12.0,3.45,62.49,38.9041994,-77.0619097,38.9043,-77.0612,38.9043727,-77.0605319,38.9043,-77.0612
ESC1,V02,bluetooth,911.0,915.0,4.0,10.67,33.32,38.9093443,-77.0630828,38.9096436,-77.0630861,38.9096406,-77.063092,38.9093471,-77.0630888
V06,EDGE_1,bluetooth,906.0,915.0,9.0,2.74,44.44,38.9062658,-77.059486,38.9063,-77.0599786,38.9062858,-77.0604913,38.9063,-77.0599786
V00,WIS_P,bluetooth,909.0,917.0,8.0,6.88,39.88,38.9095418,-77.0593924,38.9099,-77.0594,38.9098725,-77.0589434,38.9099,-77.0594
V07,EDGE_0,wifi,905.0,920.0,15.0,5.15,64.95,38.9041659,-77.0624861,38.9044685,-77.0631,38.9050512,-77.0630607,38.9044685,-77.0631
V01,WIS_N,wifi,910.0,922.0,12.0,5.37,60.63,38.9063,-77.0587001,38.9063,-77.0594,38.9063,-77.0600969,38.9063,-77.0594
V05,WIS_Q,wifi,916.0,928.0,12.0,4.55,61.41,38.9116857,-77.0601086,38.9117,-77.0594,38.9116991,-77.0587126,38.9117,-77.0594
V03,V06,bluetooth,934.0,938.0,4.0,33.7,40.49,38.9081014,-77.0611213,38.9077418,-77.0611912,38.9081011,-77.0607403,38.9080382,-77.0611985
V08,P_33,bluetooth,935.0,943.0,8.0,6.89,39.89,38.9102582,-77.0557122,38.9099,-77.0557,38.9099297,-77.0552435,38.9099,-77.0557
ESC2,WIS_N,wifi,932.0,944.0,12.0,7.68,62.68,38.9057376,-77.0594338,38.9063,-77.0594,38.9062747,-77.0601112,38.9063,-77.0594
V00,P_33,bluetooth,938.0,946.0,8.0,4.95,39.05,38.9098998,-77.0561508,38.9099,-77.0557,38.9099,-77.055262,38.9099,-77.0557
V08,EDGE_3,bluetooth,937.0,946.0,9.0,5.86,39.46,38.9100606,-77.0557055,38.9099,-77.0552994,38.9099218,-77.0548627,38.9099,-77.0552994
ESC2,EDGE_1,bluetooth,938.0,947.0,9.0,3.19,44.51,38.9062602,-77.0594883,38.9063,-77.0599786,38.9062835,-77.0604919,38.9063,-77.0599786
V00,EDGE_3,bluetooth,941.0,949.0,8.0,3.24,40.76,38.9099,-77.0557699,38.9099,-77.0552994,38.9099,-77.054881,38.9099,-77.0552994
ESC1,WIS_P,bluetooth,943.0,951.0,8.0,4.28,39.71,38.9099005,-77.0598584,38.9099,-77.0594,38.9099001,-77.0589696,38.9099,-77.0594
V03,WIS_O,bluetooth,944.0,952.0,8.0,6.11,39.61,38.9081004,-77.0598515,38.9081,-77.0594,38.908455,-77.0594307,38.9081,-77.0594
ESC2,V07,wifi,947.0,953.0,6.0,40.19,61.35,38.9062865,-77.0606189,38.9062331,-77.0612115,38.9062984,-77.0612529,38.9057484,-77.0612086
V02,V06,bluetooth,938.0,960.0,22.0,29.1,41.68,38.9081082,-77.0616279,38.9081367,-77.0611986,38.9098375,-77.0612004,38.9098552,-77.0607429
ESC2,V04,wifi,956.0,961.0,5.0,1.96,44.54,38.9062988,-77.0617608,38.9063211,-77.0622626,38.9062993,-77.0622687,38.906311,-77.0617548
COI,WIS_Q,wifi,950.0,962.0,12.0,5.17,60.82,38.9117032,-77.0601021,38.9117,-77.0594,38.9117002,-77.0587055,38.9117,-77.0594
V03,WIS_P,bluetooth,962.0,970.0,8.0,6.88,39.88,38.9095418,-77.0594076,38.9099,-77.0594,38.9098709,-77.0589435,38.9099,-77.0594
V07,M_36,wifi,961.0,973.0,12.0,7.23,62.23,38.904859,-77.0612033,38.9043,-77.0612,38.9043974,-77.0604997,38.9043,-77.0612
V06,WIS_P,bluetooth,966.0,974.0,8.0,6.44,39.6,38.9098848,-77.0598548,38.9099,-77.0594,38.9095451,-77.0594311,38.9099,-77.0594
ESC1,V05,wifi,970.0,975.0,5.0,55.35,64.86,38.9099,-77.0564301,38.9097646,-77.0557019,38.9099,-77.0559222,38.9093694,-77.0557014
ESC1,EDGE_3,bluetooth,975.0,978.0,3.0,40.73,43.46,38.9099,-77.0557952,38.9099,-77.0552994,38.9097423,-77.0557583,38.9099,-77.0552994
ESC1,P_33,bluetooth,972.0,980.0,8.0,8.24,41.24,38.9099,-77.0561761,38.9099,-77.0557,38.9095447,-77.0557513,38.9099,-77.0557
V04,M_36,wifi,979.0,991.0,12.0,7.11,62.11,38.9048579,-77.0612045,38.9043,-77.0612,38.9043967,-77.0604998,38.9043,-77.0612
V06,WIS_O,bluetooth,984.0,992.0,8.0,6.89,39.89,38.9084583,-77.0594077,38.9081,-77.0594,38.9081272,-77.0598567,38.9081,-77.0594
ESC1,V05,wifi,988.0,993.0,5.0,51.95,62.63,38.9086557,-77.0557197,38.9081533,-77.0559034,38.9082606,-77.0557057,38.9081364,-77.0564109
V05,O_33,wifi,981.0,993.0,12.0,9.31,64.31,38.9086777,-77.0557006,38.9081,-77.0557,38.9081364,-77.0564109,38.9081,-77.0557
V00,V08,wifi,937.0,994.0,57.0,22.74,52.71,38.9098997,-77.0562778,38.9100606,-77.0557055,38.9063571,-77.053713,38.906345,-77.054257
ESC2,EDGE_0,wifi,980.0,995.0,15.0,0.8,63.14,38.9049571,-77.0630856,38.9044685,-77.0631,38.9041108,-77.0625343,38.9044685,-77.0631
V03,EDGE_3,bluetooth,994.0,997.0,3.0,38.59,41.57,38.9099,-77.0557701,38.9099,-77.0552994,38.9097426,-77.0557345,38.9099,-77.0552994
V03,P_33,bluetooth,991.0,999.0,8.0,6.07,39.6,38.9098998,-77.056151,38.9099,-77.0557,38.909545,-77.0557304,38.9099,-77.0557
ESC1,O_33,wifi,988.0,1000.0,12.0,6.89,61.89,38.9086557,-77.0557197,38.9081,-77.0557,38.9081216,-77.0564106,38.9081,-77.0557
V07,WIS_N,wifi,993.0,1005.0,12.0,7.11,62.11,38.9057423,-77.0594216,38.9063,-77.0594,38.9062772,-77.0601107,38.9063,-77.0594
COI,EDGE_3,bluetooth,1001.0,1006.0,5.0,35.09,43.52,38.9100606,-77.0557048,38.9099,-77.0552994,38.9096658,-77.0557015,38.9099,-77.0552994
COI,P_33,bluetooth,999.0,1007.0,8.0,4.08,39.88,38.9102582,-77.0557106,38.9099,-77.0557,38.9095669,-77.0557014,38.9099,-77.0557
V07,EDGE_1,bluetooth,999.0,1008.0,9.0,2.86,44.47,38.9062642,-77.0594875,38.9063,-77.0599786,38.9062852,-77.0604915,38.9063,-77.0599786
V08,EDGE_2,wifi,1004.0,1008.0,4.0,54.15,60.59,38.9063015,-77.0556527,38.9063,-77.056302,38.9060431,-77.0556855,38.9063,-77.056302
ESC2,M_36,wifi,999.0,1011.0,12.0,3.45,62.49,38.9041994,-77.0619097,38.9043,-77.0612,38.9043727,-77.0605319,38.9043,-77.0612
V08,N_33,wifi,999.0,1011.0,12.0,4.1,61.61,38.9063212,-77.0550183,38.9063,-77.0557,38.9057466,-77.0556892,38.9063,-77.0557
V06,V07,bluetooth,1014.0,1019.0,5.0,2.32,44.4,38.9068558,-77.0611864,38.9064575,-77.0611599,38.9064606,-77.0611961,38.9068526,-77.0611695
V05,WIS_O,wifi,1010.0,1022.0,12.0,4.89,61.11,38.9081009,-77.0586946,38.9081,-77.0594,38.9081001,-77.0600914,38.9081,-77.0594
COI,O_33,wifi,1015.0,1027.0,12.0,1.7,64.3,38.9086776,-77.0557006,38.9081,-77.0557,38.9075907,-77.0557001,38.9081,-77.0557
V04,V08,wifi,1021.0,1027.0,6.0,6.83,59.93,38.9048005,-77.0565984,38.9048971,-77.0560322,38.9048701,-77.0559699,38.9048131,-77.0566578
ESC1,WIS_O,wifi,1017.0,1029.0,12.0,4.95,61.04,38.9081005,-77.0586953,38.9081,-77.0594,38.9081,-77.0600921,38.9081,-77.0594
V01,O_33,wifi,1021.0,1033.0,12.0,4.07,61.89,38.9086557,-77.055719,38.9081,-77.0557,38.9075694,-77.0557014,38.9081,-77.0557
V05,V07,wifi,1026.0,1033.0,7.0,5.03,64.76,38.9081,-77.0607262,38.907643,-77.0611888,38.9078435,-77.0611473,38.9082355,-77.0611987
V06,EDGE_1,bluetooth,1025.0,1034.0,9.0,1.33,44.32,38.9063219,-77.0604894,38.9063,-77.0599786,38.9063015,-77.0594739,38.9063,-77.0599786
ESC1,V05,wifi,1031.0,1036.0,5.0,53.96,63.41,38.9081,-77.060473,38.9079423,-77.0611439,38.9081,-77.0609809,38.9075472,-77.0611574
ESC1,V07,wifi,1031.0,1037.0,6.0,47.62,62.99,38.9081,-77.060473,38.9081367,-77.0611986,38.9081,-77.0611079,38.9086308,-77.061199
ESC2,V06,bluetooth,1033.0,1037.0,4.0,24.96,41.04,38.905935,-77.059422,38.9063015,-77.0594739,38.9062311,-77.0594041,38.9063012,-77.0590935
V06,WIS_N,bluetooth,1030.0,1038.0,8.0,4.55,39.41,38.9063091,-77.0598547,38.9063,-77.0594,38.9063011,-77.0589666,38.9063,-77.0594
COI,EDGE_2,wifi,1036.0,1043.0,7.0,52.16,62.08,38.9066025,-77.0557,38.9063,-77.056302,38.9060096,-77.0557,38.9063,-77.056302
ESC1,V02,bluetooth,1039.0,1043.0,4.0,1.85,42.93,38.9081,-77.0614888,38.9081177,-77.0617549,38.9081,-77.0618698,38.9081056,-77.0613742
ESC2,WIS_N,wifi,1031.0,1043.0,12.0,7.68,62.68,38.9057376,-77.0594338,38.9063,-77.0594,38.9062747,-77.0601112,38.9063,-77.0594
COI,V01,wifi,1003.0,1045.0,42.0,47.64,63.7,38.9098634,-77.0557017,38.9099,-77.0564277,38.905812,-77.0557,38.9063836,-77.0557001
COI,N_33,wifi,1034.0,1045.0,11.0,0.68,55.68,38.9068002,-77.0557,38.9063,-77.0557,38.905812,-77.0557,38.9063,-77.0557
ESC2,EDGE_1,bluetooth,1037.0,1046.0,9.0,3.19,44.51,38.9062602,-77.0594883,38.9063,-77.0599786,38.9062835,-77.0604919,38.9063,-77.0599786
V03,WIS_O,bluetooth,1038.0,1046.0,8.0,6.05,39.6,38.9081003,-77.0589493,38.9081,-77.0594,38.908455,-77.0593699,38.9081,-77.0594
V01,N_33,wifi,1039.0,1051.0,12.0,9.31,64.31,38.9068777,-77.0557007,38.9063,-77.0557,38.9063364,-77.0564109,38.9063,-77.0557
V01,EDGE_2,wifi,1042.0,1056.0,14.0,4.79,64.4,38.9065813,-77.0557003,38.9063,-77.056302,38.9063152,-77.0570452,38.9063,-77.056302
V02,WIS_O,bluetooth,1054.0,1062.0,8.0,6.11,39.61,38.9081004,-77.0598515,38.9081,-77.0594,38.907745,-77.0594309,38.9081,-77.0594
V00,V06,bluetooth,1059.0,1063.0,4.0,1.09,42.92,38.9062994,-77.0559066,38.9063,-77.0561731,38.9062995,-77.0562875,38.9063,-77.0557921
V06,EDGE_2,bluetooth,1054.0,1063.0,9.0,0.17,44.17,38.9063,-77.056808,38.9063,-77.056302,38.9063,-77.0557921,38.9063,-77.056302
V00,N_33,wifi,1052.0,1064.0,12.0,4.07,61.9,38.9062893,-77.0550183,38.9063,-77.0557,38.9062996,-77.0564145,38.9063,-77.0557
V03,WIS_P,bluetooth,1056.0,1064.0,8.0,4.09,39.88,38.9095418,-77.0593925,38.9099,-77.0594,38.9102332,-77.059399,38.9099,-77.0594
V07,WIS_P,bluetooth,1059.0,1067.0,8.0,6.44,39.65,38.9098848,-77.0598548,38.9099,-77.0594,38.910255,-77.0594367,38.9099,-77.0594
V00,EDGE_2,wifi,1057.0,1069.0,12.0,1.26,64.74,38.9062993,-77.0556531,38.9063,-77.056302,38.9062998,-77.0570494,38.9063,-77.056302
V08,M_36,wifi,1057.0,1069.0,12.0,1.73,64.27,38.9043719,-77.0605518,38.9043,-77.0612,38.9042231,-77.0619353,38.9043,-77.0612
V01,WIS_N,wifi,1068.0,1080.0,12.0,6.11,61.56,38.9063009,-77.0586946,38.9063,-77.0594,38.9057474,-77.0593734,38.9063,-77.0594
V02,WIS_N,bluetooth,1072.0,1080.0,8.0,4.09,39.88,38.9066582,-77.0594077,38.9063,-77.0594,38.9059668,-77.059401,38.9063,-77.0594
V03,V07,bluetooth,1059.0,1081.0,22.0,21.57,39.85,38.9098382,-77.0593987,38.9098848,-77.0598548,38.9116506,-77.0590698,38.9116382,-77.0594016
V05,V08,wifi,1078.0,1084.0,6.0,13.63,55.6,38.9047591,-77.0630951,38.9042664,-77.0629904,38.904265,-77.0630988,38.90476,-77.063017
ESC2,V08,bluetooth,1080.0,1085.0,5.0,6.84,44.55,38.9048583,-77.0630873,38.9044638,-77.063001,38.9044631,-77.0630939,38.9048587,-77.0630223
V08,EDGE_0,wifi,1073.0,1086.0,13.0,8.59,57.95,38.9041566,-77.0625644,38.9044685,-77.0631,38.9049574,-77.0630276,38.9044685,-77.0631
V07,WIS_Q,wifi,1075.0,1087.0,12.0,6.88,61.88,38.9111442,-77.0594141,38.9117,-77.0594,38.9116781,-77.0601106,38.9117,-77.0594
V05,EDGE_0,wifi,1076.0,1090.0,14.0,0.69,59.05,38.9049567,-77.0630936,38.9044685,-77.0631,38.9041836,-77.0625251,38.9044685,-77.0631
V00,WIS_N,wifi,1081.0,1093.0,12.0,5.37,60.63,38.9063,-77.0587001,38.9063,-77.0594,38.9063,-77.0600969,38.9063,-77.0594
ESC2,EDGE_0,wifi,1079.0,1094.0,15.0,0.8,63.14,38.9049571,-77.0630856,38.9044685,-77.0631,38.9041108,-77.0625343,38.9044685,-77.0631
V04,O_33,wifi,1082.0,1094.0,12.0,4.11,61.82,38.9080767,-77.0550184,38.9081,-77.0557,38.908099,-77.0564136,38.9081,-77.0557
V00,EDGE_1,bluetooth,1087.0,1096.0,9.0,0.75,44.75,38.9063,-77.059462,38.9063,-77.0599786,38.9063,-77.0604778,38.9063,-77.0599786
ESC1,WIS_P,bluetooth,1096.0,1104.0,8.0,4.28,39.71,38.9099005,-77.0598584,38.9099,-77.0594,38.9099001,-77.0589696,38.9099,-77.0594
ESC2,V05,wifi,1046.0,1106.0,60.0,21.11,62.12,38.9062865,-77.0606189,38.9064606,-77.0611945,38.9043161,-77.0610345,38.9048532,-77.0612292
V05,M_36,wifi,1094.0,1106.0,12.0,5.52,61.63,38.904239,-77.0618942,38.9043,-77.0612,38.9048532,-77.0612292,38.9043,-77.0612
V01,V05,wifi,1101.0,1107.0,6.0,47.31,64.88,38.9043817,-77.0606073,38.904458,-77.0612371,38.9043719,-77.0611536,38.904952,-77.0612272
ESC2,V02,bluetooth,1104.0,1108.0,4.0,6.08,38.08,38.904302,-77.0611602,38.9043705,-77.0607296,38.9043444,-77.0607832,38.9043144,-77.0611036
ESC2,V01,wifi,1102.0,1110.0,8.0,6.32,62.97,38.9042702,-77.06141,38.9043644,-77.0607323,38.9043727,-77.0605319,38.9046567,-77.0611605
ESC2,M_36,wifi,1098.0,1110.0,12.0,3.45,62.49,38.9041994,-77.0619097,38.9043,-77.0612,38.9043727,-77.0605319,38.9043,-77.0612
V01,M_36,wifi,1100.0,1112.0,12.0,8.15,63.15,38.9043989,-77.0604822,38.9043,-77.0612,38.9048543,-77.0611652,38.9043,-77.0612
V02,M_36,bluetooth,1104.0,1112.0,8.0,2.45,41.5,38.9043705,-77.0607296,38.9043,-77.0612,38.9042605,-77.0616056,38.9043,-77.0612
V04,WIS_O,wifi,1111.0,1123.0,12.0,5.71,61.54,38.9081,-77.0586992,38.9081,-77.0594,38.9075475,-77.0593767,38.9081,-77.0594
V01,V05,wifi,1120.0,1126.0,6.0,45.73,61.56,38.9057435,-77.0611866,38.9062617,-77.0611137,38.9062375,-77.0611985,38.9062756,-77.0604895
COI,N_33,wifi,1115.0,1127.0,12.0,4.92,61.08,38.9062996,-77.054995,38.9063,-77.0557,38.9063,-77.0563917,38.9063,-77.0557
V03,EDGE_3,bluetooth,1123.0,1128.0,5.0,35.05,43.49,38.9100606,-77.0557034,38.9099,-77.0552994,38.9096656,-77.0557011,38.9099,-77.0552994
V03,P_33,bluetooth,1121.0,1129.0,8.0,4.09,39.88,38.9102582,-77.0557076,38.9099,-77.0557,38.9095668,-77.055701,38.9099,-77.0557
ESC1,EDGE_3,bluetooth,1128.0,1131.0,3.0,40.73,43.46,38.9099,-77.0557952,38.9099,-77.0552994,38.9097423,-77.0557583,38.9099,-77.0552994
COI,EDGE_2,wifi,1120.0,1132.0,12.0,3.23,62.77,38.9063,-77.0556299,38.9063,-77.056302,38.9063,-77.0570266,38.9063,-77.056302
ESC1,P_33,bluetooth,1125.0,1133.0,8.0,8.24,41.24,38.9099,-77.0561761,38.9099,-77.0557,38.9095447,-77.0557513,38.9099,-77.0557
V07,V08,wifi,1128.0,1136.0,8.0,4.38,60.54,38.9083811,-77.0611998,38.9080871,-77.0616279,38.9076894,-77.0612,38.908099,-77.0607402
ESC2,V04,wifi,1133.0,1138.0,5.0,13.98,47.55,38.9060337,-77.059416,38.9064606,-77.059397,38.9062629,-77.0596035,38.9063301,-77.0590703
ESC2,V05,wifi,1131.0,1138.0,7.0,17.57,57.07,38.9058363,-77.0594279,38.9062927,-77.059728,38.9062629,-77.0596035,38.9062988,-77.0589668
V05,WIS_N,wifi,1128.0,1140.0,12.0,4.53,61.42,38.9062841,-77.0601088,38.9063,-77.0594,38.906299,-77.0587129,38.9063,-77.0594
ESC2,V01,wifi,1134.0,1141.0,7.0,11.29,62.86,38.9061324,-77.0594101,38.9062855,-77.0601086,38.9062717,-77.0599843,38.9062986,-77.0593475
V04,WIS_N,wifi,1129.0,1141.0,12.0,6.88,61.88,38.9068558,-77.0593896,38.9063,-77.0594,38.9063228,-77.0586895,38.9063,-77.0594
ESC2,WIS_N,wifi,1130.0,1142.0,12.0,7.68,62.68,38.9057376,-77.0594338,38.9063,-77.0594,38.9062747,-77.0601112,38.9063,-77.0594
COI,V05,wifi,1139.0,1145.0,6.0,7.92,58.08,38.9063,-77.0580424,38.906299,-77.0587129,38.9063,-77.0586773,38.9062995,-77.058078
ESC2,EDGE_1,bluetooth,1136.0,1145.0,9.0,3.19,44.51,38.9062602,-77.0594883,38.9063,-77.0599786,38.9062835,-77.0604919,38.9063,-77.0599786
COI,V04,wifi,1140.0,1146.0,6.0,2.26,64.94,38.9063,-77.0581694,38.9063228,-77.0586895,38.9063,-77.0588043,38.9063106,-77.0580548
V01,WIS_N,wifi,1134.0,1146.0,12.0,4.55,61.4,38.9062855,-77.0601086,38.9063,-77.0594,38.9062991,-77.0587126,38.9063,-77.0594
ESC1,V03,bluetooth,1125.0,1147.0,22.0,32.36,41.83,38.9099,-77.0561761,38.9098633,-77.0557012,38.9081619,-77.0557022,38.9077882,-77.0557
COI,V01,wifi,1142.0,1148.0,6.0,7.95,58.06,38.9063,-77.0584234,38.9062988,-77.0590935,38.9063,-77.0590583,38.9062993,-77.0584586
ESC2,V07,wifi,1146.0,1152.0,6.0,9.0,52.56,38.9062894,-77.0607458,38.9066025,-77.0612,38.9062985,-77.0613799,38.9063673,-77.0608693
V08,WIS_O,wifi,1140.0,1152.0,12.0,6.1,61.56,38.9080995,-77.0601053,38.9081,-77.0594,38.9075474,-77.0594264,38.9081,-77.0594
ESC1,O_33,wifi,1141.0,1153.0,12.0,6.89,61.89,38.9086557,-77.0557197,38.9081,-77.0557,38.9081216,-77.0564106,38.9081,-77.0557
V06,M_36,bluetooth,1145.0,1153.0,8.0,2.76,41.24,38.9043453,-77.0607915,38.9043,-77.0612,38.9042509,-77.0616719,38.9043,-77.0612
COI,WIS_N,wifi,1144.0,1156.0,12.0,7.6,62.6,38.9063,-77.0586773,38.9063,-77.0594,38.9068528,-77.059361,38.9063,-77.0594
COI,V08,wifi,1154.0,1160.0,6.0,11.4,55.59,38.906754,-77.059358,38.907251,-77.0594202,38.9072479,-77.0593734,38.906757,-77.0594097
V07,EDGE_1,bluetooth,1154.0,1163.0,9.0,2.98,44.57,38.9063499,-77.060489,38.9063,-77.0599786,38.9063034,-77.0594749,38.9063,-77.0599786
V07,V08,wifi,1159.0,1166.0,7.0,7.93,62.03,38.9063208,-77.0598552,38.906757,-77.0594097,38.9063028,-77.0590953,38.9063322,-77.0596028
V05,EDGE_2,wifi,1153.0,1167.0,14.0,0.15,62.12,38.9063,-77.0569352,38.9063,-77.056302,38.9066552,-77.055749,38.9063,-77.056302
COI,V00,wifi,1162.0,1168.0,6.0,3.51,62.32,38.9075443,-77.0593826,38.9081,-77.0594698,38.9080382,-77.0593981,38.9076462,-77.0594281
V04,EDGE_2,wifi,1153.0,1168.0,15.0,2.1,63.9,38.9063007,-77.0570397,38.9063,-77.056302,38.906655,-77.0557302,38.9063,-77.056302
V00,WIS_O,wifi,1157.0,1169.0,12.0,6.05,61.55,38.9080997,-77.0601047,38.9081,-77.0594,38.9075474,-77.0594261,38.9081,-77.0594
V01,V05,wifi,1163.0,1169.0,6.0,46.3,61.69,38.9063,-77.056427,38.9063674,-77.0557587,38.9063,-77.0557921,38.9068528,-77.0557423
V05,N_33,wifi,1157.0,1169.0,12.0,8.0,63.0,38.9063,-77.0564273,38.9063,-77.0557,38.9068528,-77.0557423,38.9063,-77.0557
V07,WIS_N,wifi,1157.0,1169.0,12.0,4.41,61.5,38.9063324,-77.0601087,38.9063,-77.0594,38.9063021,-77.0587143,38.9063,-77.0594
V03,EDGE_2,bluetooth,1162.0,1170.0,8.0,6.38,42.53,38.906373,-77.055904,38.9063,-77.056302,38.9063324,-77.0567913,38.9063,-77.056302
V04,N_33,wifi,1158.0,1170.0,12.0,6.05,61.55,38.9063003,-77.0564048,38.9063,-77.0557,38.9068526,-77.0557261,38.9063,-77.0557
V08,WIS_N,wifi,1158.0,1170.0,12.0,6.88,61.88,38.9068558,-77.0594118,38.9063,-77.0594,38.906322,-77.0601106,38.9063,-77.0594
COI,ESC1,wifi,1171.0,1173.0,2.0,61.82,62.15,38.908433,-77.0593985,38.9081004,-77.0588223,38.9085318,-77.0593986,38.9081003,-77.0589493
V01,EDGE_2,wifi,1159.0,1173.0,14.0,0.17,62.14,38.9063,-77.0569349,38.9063,-77.056302,38.9066552,-77.0557487,38.9063,-77.056302
V08,EDGE_1,bluetooth,1164.0,1173.0,9.0,2.77,44.45,38.9063346,-77.0594871,38.9063,-77.0599786,38.9063143,-77.0604914,38.9063,-77.0599786
COI,WIS_O,wifi,1162.0,1174.0,12.0,4.08,61.88,38.9075443,-77.0593826,38.9081,-77.0594,38.9086307,-77.0593987,38.9081,-77.0594
V01,N_33,wifi,1163.0,1175.0,12.0,7.98,62.98,38.9063,-77.056427,38.9063,-77.0557,38.9068528,-77.0557421,38.9063,-77.0557
ESC2,V06,bluetooth,1173.0,1177.0,4.0,11.43,33.24,38.9054512,-77.0630773,38.9051561,-77.063032,38.9051548,-77.0630823,38.9054522,-77.0630496
V03,V07,bluetooth,1175.0,1179.0,4.0,1.82,42.2,38.9063032,-77.0575508,38.9063006,-77.0578255,38.9063025,-77.0579317,38.9063001,-77.0574446
ESC1,WIS_O,wifi,1170.0,1182.0,12.0,4.95,61.04,38.9081005,-77.0586953,38.9081,-77.0594,38.9081,-77.0600921,38.9081,-77.0594
V04,V05,wifi,1131.0,1186.0,55.0,7.56,64.26,38.9066582,-77.0593933,38.9062927,-77.059728,38.9084332,-77.055701,38.9080758,-77.0562837
V00,WIS_N,wifi,1175.0,1187.0,12.0,6.88,61.88,38.9068558,-77.0594116,38.9063,-77.0594,38.906324,-77.0586896,38.9063,-77.0594
V01,V05,wifi,1181.0,1187.0,6.0,45.81,61.54,38.9075443,-77.0557187,38.908066,-77.0557874,38.9080382,-77.0557021,38.9080784,-77.0564106
V05,O_33,wifi,1175.0,1187.0,12.0,6.89,61.89,38.9075443,-77.0557188,38.9081,-77.0557,38.9080784,-77.0564106,38.9081,-77.0557
V00,V03,bluetooth,1183.0,1188.0,5.0,2.87,44.4,38.9063317,-77.0590704,38.9063014,-77.0585666,38.9063214,-77.0585627,38.9063006,-77.0590745
V04,O_33,wifi,1176.0,1188.0,12.0,4.09,61.88,38.9075442,-77.0557116,38.9081,-77.0557,38.9086308,-77.0557009,38.9081,-77.0557
COI,WIS_P,bluetooth,1182.0,1190.0,8.0,1.7,42.3,38.90952,-77.0593996,38.9099,-77.0594,38.9102117,-77.0593999,38.9099,-77.0594
V06,V08,bluetooth,1187.0,1191.0,4.0,10.84,33.55,38.9062748,-77.0627706,38.9063005,-77.0623953,38.9062809,-77.0623897,38.9063002,-77.0627762
ESC2,EDGE_0,wifi,1178.0,1193.0,15.0,0.8,63.14,38.9049571,-77.0630856,38.9044685,-77.0631,38.9041108,-77.0625343,38.9044685,-77.0631
V01,O_33,wifi,1181.0,1193.0,12.0,4.07,61.89,38.9075443,-77.0557187,38.9081,-77.0557,38.9086306,-77.0557014,38.9081,-77.0557
V03,WIS_N,bluetooth,1186.0,1194.0,8.0,6.2,39.61,38.9063008,-77.0589475,38.9063,-77.0594,38.906655,-77.0593685,38.9063,-77.0594
V07,EDGE_2,wifi,1182.0,1196.0,14.0,0.02,62.04,38.9063001,-77.0569367,38.9063,-77.056302,38.9066553,-77.0557502,38.9063,-77.056302
V07,N_33,wifi,1186.0,1198.0,12.0,8.13,63.13,38.9063,-77.0564288,38.9063,-77.0557,38.9068528,-77.0557433,38.9063,-77.0557
V01,V04,wifi,1134.0,1205.0,71.0,38.54,62.07,38.9062855,-77.0601086,38.9063618,-77.0593988,38.9098164,-77.0557001,38.9098585,-77.0551161
ESC2,M_36,wifi,1197.0,1209.0,12.0,3.45,62.49,38.9041994,-77.0619097,38.9043,-77.0612,38.9043727,-77.0605319,38.9043,-77.0612
COI,WIS_Q,wifi,1199.0,1210.0,11.0,11.56,61.84,38.9111998,-77.0594,38.9117,-77.0594,38.9116501,-77.060111,38.9117,-77.0594
V00,EDGE_2,wifi,1199.0,1211.0,12.0,2.09,63.91,38.9063007,-77.0570398,38.9063,-77.056302,38.9063,-77.0556431,38.9063,-77.056302
V03,WIS_O,bluetooth,1204.0,1212.0,8.0,6.88,39.88,38.9077418,-77.0593922,38.9081,-77.0594,38.9080725,-77.0589434,38.9081,-77.0594
V06,EDGE_1,bluetooth,1205.0,1214.0,9.0,0.07,44.06,38.9062996,-77.0604858,38.9063,-77.0599786,38.9063,-77.0594699,38.9063,-77.0599786
V00,N_33,wifi,1204.0,1216.0,12.0,4.93,61.07,38.9063004,-77.0564049,38.9063,-77.0557,38.9063,-77.0550082,38.9063,-77.0557
V05,WIS_O,wifi,1204.0,1216.0,12.0,6.04,61.56,38.9080995,-77.0586953,38.9081,-77.0594,38.9086526,-77.0593739,38.9081,-77.0594
V07,O_33,wifi,1204.0,1216.0,12.0,4.07,61.89,38.9075443,-77.0557193,38.9081,-77.0557,38.9086306,-77.0557015,38.9081,-77.0557
V06,WIS_N,bluetooth,1210.0,1218.0,8.0,4.94,39.06,38.9062998,-77.0598509,38.9063,-77.0594,38.9063,-77.058962,38.9063,-77.0594
ESC1,V08,wifi,1224.0,1230.0,6.0,46.8,61.07,38.9099642,-77.0630172,38.9094213,-77.0630997,38.9099423,-77.0623959,38.9099154,-77.0630999
V07,EDGE_3,bluetooth,1226.0,1231.0,5.0,34.75,42.02,38.9097175,-77.0557002,38.9099,-77.0552994,38.9101128,-77.0557001,38.9099,-77.0552994
V07,P_33,bluetooth,1224.0,1232.0,8.0,1.69,42.31,38.9095199,-77.0557004,38.9099,-77.0557,38.9102116,-77.0557001,38.9099,-77.0557
COI,V02,bluetooth,1229.0,1233.0,4.0,11.22,33.5,38.9116992,-77.0626475,38.9116652,-77.0630132,38.9116999,-77.0630285,38.9116723,-77.0626434
V01,V05,wifi,1228.0,1234.0,6.0,46.52,61.14,38.9098991,-77.0586946,38.9099367,-77.0593988,38.9098999,-77.0593295,38.9104308,-77.0593991
ESC2,WIS_N,wifi,1229.0,1241.0,12.0,7.68,62.68,38.9057376,-77.0594338,38.9063,-77.0594,38.9062747,-77.0601112,38.9063,-77.0594
V06,EDGE_2,bluetooth,1234.0,1243.0,9.0,0.57,44.57,38.9063,-77.0568034,38.9063,-77.056302,38.9063,-77.0557876,38.9063,-77.056302
ESC2,EDGE_1,bluetooth,1235.0,1244.0,9.0,3.19,44.51,38.9062602,-77.0594883,38.9063,-77.0599786,38.9062835,-77.0604919,38.9063,-77.0599786
ESC1,V01,wifi,1241.0,1247.0,6.0,1.83,64.18,38.9099015,-77.0608743,38.9099,-77.0603453,38.9099009,-77.0602394,38.9099,-77.0609802
V03,V06,bluetooth,1247.0,1251.0,4.0,10.86,33.41,38.9070534,-77.0557157,38.906754,-77.0557419,38.906757,-77.0557096,38.9070503,-77.0557327
V05,WIS_Q,wifi,1240.0,1252.0,12.0,9.29,64.29,38.9111225,-77.0593996,38.9117,-77.0594,38.9116637,-77.0601108,38.9117,-77.0594
V04,O_33,wifi,1242.0,1254.0,12.0,4.08,61.42,38.9081137,-77.0550182,38.9081,-77.0557,38.9086517,-77.0556917,38.9081,-77.0557
ESC1,WIS_P,bluetooth,1249.0,1257.0,8.0,4.28,39.71,38.9099005,-77.0598584,38.9099,-77.0594,38.9099001,-77.0589696,38.9099,-77.0594
COI,V05,wifi,1253.0,1258.0,5.0,2.87,44.73,38.9117067,-77.060864,38.9116721,-77.0603646,38.9117044,-77.0603561,38.9116891,-77.060872
V05,V08,wifi,1258.0,1265.0,7.0,10.67,55.38,38.9116933,-77.0609989,38.9116815,-77.0616284,38.9116983,-77.0617597,38.9114454,-77.0612092
V01,V05,wifi,1260.0,1266.0,6.0,47.81,61.91,38.9111443,-77.061181,38.9116977,-77.0612518,38.9116382,-77.0611979,38.9116985,-77.0618867
V01,V08,wifi,1260.0,1268.0,8.0,10.54,63.29,38.9111443,-77.061181,38.9116924,-77.0613748,38.9116683,-77.0609971,38.911149,-77.0612074
COI,WIS_Q,wifi,1259.0,1271.0,12.0,5.17,60.82,38.9117032,-77.0601021,38.9117,-77.0594,38.9117002,-77.0587055,38.9117,-77.0594
COI,V07,wifi,1267.0,1273.0,6.0,9.97,56.03,38.9117002,-77.0590864,38.9116983,-77.0584396,38.9117001,-77.0584515,38.9116994,-77.0590745
ESC1,V04,wifi,1271.0,1277.0,6.0,9.45,56.75,38.9099,-77.057065,38.9098767,-77.0564105,38.9099,-77.0564301,38.9098903,-77.0570452
V02,WIS_P,bluetooth,1272.0,1280.0,8.0,6.88,39.88,38.9102582,-77.0594075,38.9099,-77.0594,38.9099271,-77.0598567,38.9099,-77.0594
V01,V07,wifi,1275.0,1281.0,6.0,41.87,61.4,38.9116885,-77.0599816,38.9116327,-77.0593623,38.9116986,-77.0593475,38.9111474,-77.0593728
V07,WIS_Q,wifi,1269.0,1281.0,12.0,6.2,61.56,38.9116988,-77.0586936,38.9117,-77.0594,38.9111474,-77.0593728,38.9117,-77.0594
ESC1,EDGE_3,bluetooth,1281.0,1284.0,3.0,40.73,43.46,38.9099,-77.0557952,38.9099,-77.0552994,38.9097423,-77.0557583,38.9099,-77.0552994
ESC1,P_33,bluetooth,1278.0,1286.0,8.0,8.24,41.24,38.9099,-77.0561761,38.9099,-77.0557,38.9095447,-77.0557513,38.9099,-77.0557
V01,WIS_Q,wifi,1274.0,1286.0,12.0,4.55,61.4,38.9116859,-77.0601086,38.9117,-77.0594,38.9116991,-77.0587126,38.9117,-77.0594
V02,V08,bluetooth,1283.0,1287.0,4.0,10.91,33.18,38.9099169,-77.0603645,38.9099292,-77.0607433,38.9099092,-77.0607453,38.9099209,-77.0603625
ESC2,EDGE_0,wifi,1277.0,1292.0,15.0,0.8,63.14,38.9049571,-77.0630856,38.9044685,-77.0631,38.9041108,-77.0625343,38.9044685,-77.0631
V06,WIS_O,bluetooth,1286.0,1294.0,8.0,6.05,39.6,38.9080997,-77.0589493,38.9081,-77.0594,38.908455,-77.0593698,38.9081,-77.0594
V07,WIS_P,bluetooth,1289.0,1297.0,8.0,4.09,39.88,38.9102582,-77.0593922,38.9099,-77.0594,38.9095668,-77.0593989,38.9099,-77.0594
V04,V07,wifi,1290.0,1298.0,8.0,16.21,57.39,38.9098995,-77.0588221,38.9101594,-77.0593943,38.9099,-77.059711,38.909468,-77.059399
V04,V08,wifi,1292.0,1298.0,6.0,1.54,64.47,38.9098997,-77.0590761,38.9099044,-77.059601,38.9099,-77.059711,38.9099012,-77.0589667
V07,V08,wifi,1289.0,1298.0,9.0,7.8,63.94,38.9102582,-77.0593922,38.9099127,-77.0599818,38.909468,-77.059399,38.9099012,-77.0589667
V08,WIS_P,bluetooth,1290.0,1298.0,8.0,4.54,39.42,38.9099099,-77.0598548,38.9099,-77.0594,38.9099012,-77.0589667,38.9099,-77.0594
V00,M_36,wifi,1290.0,1301.0,11.0,13.13,62.95,38.9043731,-77.06054,38.9043,-77.0612,38.9048616,-77.0611155,38.9043,-77.0612
V06,V07,bluetooth,1299.0,1303.0,4.0,3.07,41.23,38.9090478,-77.0593822,38.9092704,-77.0593992,38.9093442,-77.0593884,38.908974,-77.0593994
ESC1,O_33,wifi,1294.0,1306.0,12.0,6.89,61.89,38.9086557,-77.0557197,38.9081,-77.0557,38.9081216,-77.0564106,38.9081,-77.0557
ESC2,M_36,wifi,1296.0,1308.0,12.0,3.45,62.49,38.9041994,-77.0619097,38.9043,-77.0612,38.9043727,-77.0605319,38.9043,-77.0612
V04,V05,wifi,1306.0,1311.0,5.0,11.69,46.33,38.9099,-77.0608538,38.9099033,-77.061374,38.9097423,-77.0611445,38.9101553,-77.0612104
V06,WIS_P,bluetooth,1304.0,1312.0,8.0,6.88,39.88,38.9095418,-77.0593925,38.9099,-77.0594,38.9098713,-77.0598566,38.9099,-77.0594
COI,EDGE_3,bluetooth,1310.0,1315.0,5.0,35.09,43.52,38.9100606,-77.0557048,38.9099,-77.0552994,38.9096658,-77.0557015,38.9099,-77.0552994
COI,P_33,bluetooth,1308.0,1316.0,8.0,4.08,39.88,38.9102582,-77.0557106,38.9099,-77.0557,38.9095669,-77.0557014,38.9099,-77.0557
V07,WIS_O,wifi,1305.0,1317.0,12.0,9.29,64.29,38.9086775,-77.0593996,38.9081,-77.0594,38.9081363,-77.0601108,38.9081,-77.0594
V08,P_33,bluetooth,1319.0,1327.0,8.0,3.0,41.0,38.9099,-77.0561732,38.9099,-77.0557,38.9099,-77.0552844,38.9099,-77.0557
V00,EDGE_1,bluetooth,1320.0,1329.0,9.0,1.08,44.33,38.9062825,-77.0604898,38.9063,-77.0599786,38.9062988,-77.0594742,38.9063,-77.0599786
V01,V08,wifi,1321.0,1329.0,8.0,31.12,64.26,38.9104557,-77.0557187,38.9099,-77.0559193,38.9097646,-77.0557019,38.9099,-77.0550304
V04,V07,wifi,1322.0,1330.0,8.0,24.65,59.56,38.908557,-77.0611845,38.9081109,-77.060872,38.9081292,-77.0608702,38.9076462,-77.0611658
V08,EDGE_3,bluetooth,1322.0,1330.0,8.0,1.3,42.7,38.9099,-77.0557923,38.9099,-77.0552994,38.9099,-77.0549034,38.9099,-77.0552994
ESC2,V00,wifi,1328.0,1334.0,6.0,40.65,62.57,38.9057376,-77.0594338,38.9062988,-77.0594742,38.9062311,-77.0594041,38.9062992,-77.0588397
ESC1,WIS_O,wifi,1323.0,1335.0,12.0,4.95,61.04,38.9081005,-77.0586953,38.9081,-77.0594,38.9081,-77.0600921,38.9081,-77.0594
V00,WIS_N,wifi,1323.0,1335.0,12.0,4.54,61.43,38.9062886,-77.0601089,38.9063,-77.0594,38.9062993,-77.0587128,38.9063,-77.0594
COI,O_33,wifi,1324.0,1336.0,12.0,1.7,64.3,38.9086776,-77.0557006,38.9081,-77.0557,38.9075907,-77.0557001,38.9081,-77.0557
ESC1,V04,wifi,1332.0,1338.0,6.0,9.7,56.47,38.9081,-77.0598381,38.9081216,-77.0604894,38.9081,-77.060473,38.908109,-77.0598547
ESC2,V02,bluetooth,1335.0,1339.0,4.0,12.1,33.42,38.9062629,-77.0596035,38.9063194,-77.0599817,38.9062717,-77.0599843,38.9063067,-77.0596011
ESC2,WIS_N,wifi,1328.0,1340.0,12.0,7.68,62.68,38.9057376,-77.0594338,38.9063,-77.0594,38.9062747,-77.0601112,38.9063,-77.0594
V02,EDGE_1,bluetooth,1331.0,1340.0,9.0,2.17,44.41,38.9063363,-77.0604891,38.9063,-77.0599786,38.9063025,-77.0594742,38.9063,-77.0599786
ESC2,EDGE_1,bluetooth,1334.0,1343.0,9.0,3.19,44.51,38.9062602,-77.0594883,38.9063,-77.0599786,38.9062835,-77.0604919,38.9063,-77.0599786
V02,WIS_N,bluetooth,1336.0,1344.0,8.0,4.5,39.44,38.9063152,-77.0598548,38.9063,-77.0594,38.9063018,-77.0589672,38.9063,-77.0594
V05,WIS_Q,wifi,1334.0,1346.0,12.0,6.42,61.56,38.9116849,-77.0601087,38.9117,-77.0594,38.9111474,-77.0594276,38.9117,-77.0594
V04,WIS_O,wifi,1335.0,1347.0,12.0,4.55,61.4,38.9081141,-77.0601086,38.9081,-77.0594,38.9081009,-77.0587126,38.9081,-77.0594
ESC2,V07,wifi,1342.0,1349.0,7.0,37.87,61.82,38.9062835,-77.0604919,38.9063618,-77.0611984,38.9062984,-77.0612529,38.9057693,-77.0611989
V01,O_33,wifi,1339.0,1351.0,12.0,9.31,64.31,38.9086777,-77.0557006,38.9081,-77.0557,38.9081376,-77.0549893,38.9081,-77.0557
COI,EDGE_2,wifi,1345.0,1352.0,7.0,52.16,62.08,38.9066025,-77.0557,38.9063,-77.056302,38.9060096,-77.0557,38.9063,-77.056302
COI,N_33,wifi,1343.0,1354.0,11.0,0.68,55.68,38.9068002,-77.0557,38.9063,-77.0557,38.905812,-77.0557,38.9063,-77.0557
COI,V03,bluetooth,1353.0,1357.0,4.0,7.28,36.77,38.905812,-77.0557,38.9055494,-77.0556896,38.9055156,-77.0557,38.9058458,-77.0556937
V00,EDGE_2,wifi,1348.0,1362.0,14.0,0.16,62.13,38.9063,-77.0569351,38.9063,-77.056302,38.9066552,-77.0557489,38.9063,-77.056302
V01,V08,wifi,1354.0,1362.0,8.0,8.88,63.41,38.9081216,-77.0544818,38.9082606,-77.053805,38.9079421,-77.0538162,38.9081224,-77.0545105
V00,N_33,wifi,1352.0,1364.0,12.0,7.99,62.99,38.9063,-77.0564272,38.9063,-77.0557,38.9068528,-77.0557422,38.9063,-77.0557
V02,EDGE_2,bluetooth,1360.0,1369.0,9.0,0.11,44.11,38.9063001,-77.0568086,38.9063,-77.056302,38.9063,-77.0557928,38.9063,-77.056302
V07,M_36,wifi,1357.0,1369.0,12.0,9.56,64.56,38.9048799,-77.0611996,38.9043,-77.0612,38.9044107,-77.060498,38.9043,-77.0612
V04,V08,wifi,1368.0,1373.0,5.0,11.88,46.29,38.9081,-77.0559191,38.9081057,-77.0553991,38.9078435,-77.055752,38.9082565,-77.055689
V00,V04,wifi,1370.0,1376.0,6.0,11.22,54.76,38.9075443,-77.0557188,38.9080326,-77.0557584,38.9080382,-77.0557021,38.9075472,-77.0557421
V04,O_33,wifi,1364.0,1376.0,12.0,7.98,62.98,38.9081,-77.056427,38.9081,-77.0557,38.9075472,-77.0557421,38.9081,-77.0557
V08,O_33,wifi,1365.0,1377.0,12.0,4.07,61.42,38.9081128,-77.0550183,38.9081,-77.0557,38.9086517,-77.0556916,38.9081,-77.0557
V00,V03,bluetooth,1357.0,1380.0,23.0,35.02,43.77,38.9063,-77.0557923,38.9059446,-77.0556951,38.908433,-77.0557016,38.9080459,-77.0556131
V00,O_33,wifi,1370.0,1382.0,12.0,4.07,61.89,38.9075443,-77.0557188,38.9081,-77.0557,38.9086306,-77.0557014,38.9081,-77.0557
V05,WIS_O,wifi,1370.0,1382.0,12.0,1.71,64.29,38.9086775,-77.0594004,38.9081,-77.0594,38.9075906,-77.0594,38.9081,-77.0594
ESC2,EDGE_0,wifi,1376.0,1391.0,15.0,0.8,63.14,38.9049571,-77.0630856,38.9044685,-77.0631,38.9041108,-77.0625343,38.9044685,-77.0631
V08,EDGE_3,bluetooth,1387.0,1392.0,5.0,34.91,43.36,38.9097387,-77.0556989,38.9099,-77.0552994,38.9101338,-77.0556996,38.9099,-77.0552994
V08,P_33,bluetooth,1385.0,1393.0,8.0,4.03,39.96,38.9095411,-77.0556976,38.9099,-77.0557,38.9102327,-77.0556997,38.9099,-77.0557
V00,V08,wifi,1370.0,1394.0,24.0,57.31,62.23,38.9075443,-77.0557188,38.9081009,-77.055653,38.9098164,-77.0557001,38.9103315,-77.0556997
V04,N_33,wifi,1382.0,1394.0,12.0,6.89,61.89,38.9068557,-77.0557187,38.9063,-77.0557,38.9063216,-77.0564106,38.9063,-77.0557
V00,P_33,bluetooth,1390.0,1398.0,8.0,9.31,42.31,38.9095199,-77.0557004,38.9099,-77.0557,38.9098543,-77.055243,38.9099,-77.0557
V04,EDGE_2,wifi,1384.0,1399.0,15.0,3.13,64.82,38.9066582,-77.0557121,38.9063,-77.056302,38.906309,-77.0570453,38.9063,-77.056302
V05,V07,wifi,1392.0,1399.0,7.0,7.71,56.45,38.9065036,-77.0594,38.9060392,-77.0594094,38.9059108,-77.0594,38.9062723,-77.0598568
V05,WIS_N,wifi,1389.0,1400.0,11.0,0.67,55.67,38.9068001,-77.0594,38.9063,-77.0594,38.9058119,-77.0594,38.9063,-77.0594
V00,EDGE_3,bluetooth,1392.0,1401.0,9.0,7.05,40.23,38.9097176,-77.0557002,38.9099,-77.0552994,38.9098664,-77.0548624,38.9099,-77.0552994
V07,WIS_N,wifi,1389.0,1401.0,12.0,7.04,62.04,38.9057429,-77.0594201,38.9063,-77.0594,38.9062776,-77.0601107,38.9063,-77.0594
V07,EDGE_1,bluetooth,1395.0,1404.0,9.0,2.83,44.46,38.9062647,-77.0594875,38.9063,-77.0599786,38.9062854,-77.0604915,38.9063,-77.0599786
ESC2,M_36,wifi,1395.0,1407.0,12.0,3.45,62.49,38.9041994,-77.0619097,38.9043,-77.0612,38.9043727,-77.0605319,38.9043,-77.0612
ESC1,WIS_P,bluetooth,1402.0,1410.0,8.0,4.28,39.71,38.9099005,-77.0598584,38.9099,-77.0594,38.9099001,-77.0589696,38.9099,-77.0594
V06,V08,bluetooth,1408.0,1412.0,4.0,11.21,34.48,38.9117,-77.0562954,38.9116463,-77.0559034,38.9117,-77.0559145,38.9116591,-77.056284
V00,V03,bluetooth,1408.0,1413.0,5.0,0.86,39.82,38.9098985,-77.0538474,38.9095424,-77.0538035,38.9095463,-77.053809,38.9098655,-77.0538868
ESC2,V05,wifi,1410.0,1418.0,8.0,12.48,63.68,38.9044292,-77.0600292,38.904725,-77.0594,38.9047505,-77.0594932,38.9044917,-77.0601034
V04,WIS_N,wifi,1411.0,1423.0,12.0,6.04,61.56,38.9063005,-77.0586953,38.9063,-77.0594,38.9057474,-77.0593739,38.9063,-77.0594
ESC2,V04,wifi,1422.0,1428.0,6.0,11.44,56.57,38.9052441,-77.0594635,38.9057474,-77.0593739,38.9057376,-77.0594338,38.9052534,-77.0593842
V03,EDGE_3,bluetooth,1420.0,1428.0,8.0,2.53,41.58,38.9098846,-77.0548913,38.9099,-77.0552994,38.9098992,-77.0557794,38.9099,-77.0552994
COI,V02,bluetooth,1426.0,1429.0,3.0,39.23,42.65,38.9062997,-77.0552489,38.9064575,-77.0556856,38.9062999,-77.0555029,38.9066551,-77.0556873
V03,P_33,bluetooth,1423.0,1431.0,8.0,4.08,39.88,38.9098919,-77.0552721,38.9099,-77.0557,38.9098994,-77.0561603,38.9099,-77.0557
V05,M_36,wifi,1420.0,1432.0,12.0,1.69,64.36,38.9044267,-77.0604751,38.9043,-77.0612,38.9042364,-77.0618473,38.9043,-77.0612
V06,EDGE_3,bluetooth,1429.0,1432.0,3.0,35.55,42.44,38.9100606,-77.055705,38.9099,-77.0552994,38.9099341,-77.0557873,38.9099,-77.0552994
ESC1,V03,bluetooth,1429.0,1433.0,4.0,9.63,34.37,38.9099,-77.0564301,38.9098993,-77.0560333,38.9099,-77.0560491,38.9098995,-77.0564143
ESC1,V06,bluetooth,1431.0,1435.0,4.0,9.88,33.9,38.9099,-77.0561761,38.9099341,-77.0557873,38.9099,-77.0557952,38.9099268,-77.0561567
V06,P_33,bluetooth,1427.0,1435.0,8.0,6.88,39.88,38.9102582,-77.0557111,38.9099,-77.0557,38.9099268,-77.0561567,38.9099,-77.0557
COI,N_33,wifi,1424.0,1436.0,12.0,4.92,61.08,38.9062996,-77.054995,38.9063,-77.0557,38.9063,-77.0563917,38.9063,-77.0557
ESC1,EDGE_3,bluetooth,1434.0,1437.0,3.0,40.73,43.46,38.9099,-77.0557952,38.9099,-77.0552994,38.9097423,-77.0557583,38.9099,-77.0552994
ESC1,P_33,bluetooth,1431.0,1439.0,8.0,8.24,41.24,38.9099,-77.0561761,38.9099,-77.0557,38.9095447,-77.0557513,38.9099,-77.0557
ESC2,WIS_N,wifi,1427.0,1439.0,12.0,7.68,62.68,38.9057376,-77.0594338,38.9063,-77.0594,38.9062747,-77.0601112,38.9063,-77.0594
COI,EDGE_2,wifi,1429.0,1441.0,12.0,3.23,62.77,38.9063,-77.0556299,38.9063,-77.056302,38.9063,-77.0570266,38.9063,-77.056302
ESC2,EDGE_1,bluetooth,1433.0,1442.0,9.0,3.19,44.51,38.9062602,-77.0594883,38.9063,-77.0599786,38.9062835,-77.0604919,38.9063,-77.0599786
V08,WIS_Q,wifi,1430.0,1442.0,12.0,4.89,61.11,38.9116991,-77.0586946,38.9117,-77.0594,38.9116999,-77.0600913,38.9117,-77.0594
V01,N_33,wifi,1437.0,1449.0,12.0,4.92,61.08,38.9062996,-77.0549949,38.9063,-77.0557,38.9063,-77.0563917,38.9063,-77.0557
ESC1,V02,bluetooth,1446.0,1450.0,4.0,8.39,35.78,38.9087545,-77.0557232,38.9084336,-77.0556996,38.9084582,-77.0557127,38.90873,-77.0556997
V05,EDGE_0,wifi,1436.0,1450.0,14.0,5.86,63.57,38.904168,-77.062476,38.9044685,-77.0631,38.9049536,-77.0630512,38.9044685,-77.0631
V01,EDGE_2,wifi,1442.0,1454.0,12.0,3.23,62.77,38.9063,-77.0556298,38.9063,-77.056302,38.9063,-77.0570266,38.9063,-77.056302
V04,M_36,wifi,1443.0,1455.0,12.0,2.8,63.15,38.9043989,-77.0604822,38.9043,-77.0612,38.9042323,-77.0618614,38.9043,-77.0612
ESC1,O_33,wifi,1447.0,1459.0,12.0,6.89,61.89,38.9086557,-77.0557197,38.9081,-77.0557,38.9081216,-77.0564106,38.9081,-77.0557
V03,V06,bluetooth,1427.0,1460.0,33.0,33.64,44.45,38.9098992,-77.0557794,38.9102582,-77.0557111,38.9099,-77.0598427,38.9099001,-77.0593302
V03,WIS_P,bluetooth,1452.0,1460.0,8.0,5.35,38.65,38.9099,-77.0589538,38.9099,-77.0594,38.9099,-77.0598427,38.9099,-77.0594
V06,WIS_P,bluetooth,1456.0,1464.0,8.0,6.05,39.6,38.9099003,-77.0589493,38.9099,-77.0594,38.909545,-77.0593698,38.9099,-77.0594
COI,WIS_N,wifi,1453.0,1465.0,12.0,7.6,62.6,38.9063,-77.0586773,38.9063,-77.0594,38.9068528,-77.059361,38.9063,-77.0594
V02,P_33,bluetooth,1457.0,1465.0,8.0,9.24,42.24,38.9095206,-77.0556999,38.9099,-77.0557,38.9098549,-77.055243,38.9099,-77.0557
V05,V07,wifi,1459.0,1466.0,7.0,2.95,62.59,38.9059413,-77.063087,38.9063625,-77.0630996,38.9062702,-77.0627703,38.9057697,-77.0630997
ESC2,V05,wifi,1458.0,1467.0,9.0,2.95,63.25,38.9062996,-77.0626496,38.9058426,-77.0630834,38.9058464,-77.0630707,38.9062726,-77.0626433
V02,EDGE_3,bluetooth,1459.0,1468.0,9.0,7.01,40.17,38.9097182,-77.0556999,38.9099,-77.0552994,38.9098668,-77.0548623,38.9099,-77.0552994
V03,V08,bluetooth,1466.0,1471.0,5.0,16.79,43.91,38.9099,-77.0607315,38.9100606,-77.0611945,38.9099674,-77.0611461,38.9096658,-77.0611982
V04,EDGE_0,wifi,1459.0,1474.0,15.0,4.86,64.89,38.9041651,-77.0624904,38.9044685,-77.0631,38.9050507,-77.0630631,38.9044685,-77.0631
V04,V07,wifi,1470.0,1476.0,6.0,8.57,58.17,38.9047543,-77.0630544,38.9052757,-77.0630998,38.9052483,-77.063069,38.9047816,-77.0630999
ESC2,V04,wifi,1471.0,1477.0,6.0,10.53,55.61,38.9053524,-77.063079,38.9048531,-77.0630573,38.9048583,-77.0630873,38.905347,-77.0630719
V01,WIS_N,wifi,1466.0,1478.0,12.0,7.61,62.61,38.9063,-77.0586773,38.9063,-77.0594,38.9068528,-77.059361,38.9063,-77.0594
COI,V06,bluetooth,1476.0,1480.0,4.0,2.81,41.16,38.9080382,-77.0593981,38.9082606,-77.0593966,38.9083342,-77.0593984,38.9079644,-77.0593988
ESC1,V06,bluetooth,1478.0,1482.0,4.0,31.13,39.16,38.9081003,-77.0589493,38.9080633,-77.0593988,38.9081001,-77.0593302,38.9077668,-77.059399
V06,WIS_O,bluetooth,1474.0,1482.0,8.0,4.09,39.88,38.9084582,-77.0593925,38.9081,-77.0594,38.9077668,-77.059399,38.9081,-77.0594
COI,ESC1,wifi,1476.0,1483.0,7.0,38.17,61.27,38.9080382,-77.0593981,38.9081005,-77.0586953,38.9086307,-77.0593987,38.9081,-77.0594572
COI,WIS_O,wifi,1471.0,1483.0,12.0,4.08,61.88,38.9075443,-77.0593826,38.9081,-77.0594,38.9086307,-77.0593987,38.9081,-77.0594
ESC1,V01,wifi,1485.0,1487.0,2.0,63.89,64.22,38.9081,-77.0598381,38.907643,-77.0593857,38.9081,-77.0599651,38.9077418,-77.0593888
V07,EDGE_0,wifi,1473.0,1487.0,14.0,1.85,58.18,38.9049792,-77.0630998,38.9044685,-77.0631,38.9042003,-77.0625236,38.9044685,-77.0631
ESC1,WIS_O,wifi,1476.0,1488.0,12.0,4.95,61.04,38.9081005,-77.0586953,38.9081,-77.0594,38.9081,-77.0600921,38.9081,-77.0594
ESC2,EDGE_0,wifi,1475.0,1490.0,15.0,0.8,63.14,38.9049571,-77.0630856,38.9044685,-77.0631,38.9041108,-77.0625343,38.9044685,-77.0631
V01,WIS_O,wifi,1484.0,1496.0,12.0,6.88,61.88,38.9075443,-77.0593826,38.9081,-77.0594,38.9080776,-77.0586895,38.9081,-77.0594
COI,WIS_P,bluetooth,1491.0,1499.0,8.0,1.7,42.3,38.90952,-77.0593996,38.9099,-77.0594,38.9102117,-77.0593999,38.9099,-77.0594
V06,WIS_N,bluetooth,1492.0,1500.0,8.0,1.71,42.29,38.9066799,-77.0593997,38.9063,-77.0594,38.9059882,-77.0594,38.9063,-77.0594
ESC2,V05,wifi,1495.0,1502.0,7.0,11.22,63.49,38.9042171,-77.0617848,38.9045626,-77.0612016,38.9043161,-77.0610345,38.9042893,-77.0616574
V05,V07,wifi,1494.0,1502.0,8.0,2.93,63.8,38.9046614,-77.0612022,38.9042765,-77.0615125,38.9042893,-77.0616574,38.9047545,-77.0612273
ESC2,V07,wifi,1457.0,1503.0,46.0,13.4,64.37,38.9062995,-77.0625227,38.9065602,-77.0630982,38.9043303,-77.0609089,38.9048533,-77.0612255
V07,M_36,wifi,1491.0,1503.0,12.0,5.2,61.64,38.9042479,-77.0618917,38.9043,-77.0612,38.9048533,-77.0612255,38.9043,-77.0612
V05,M_36,wifi,1492.0,1504.0,12.0,7.23,62.23,38.904859,-77.0612034,38.9043,-77.0612,38.9042565,-77.0619078,38.9043,-77.0612
ESC2,M_36,wifi,1494.0,1506.0,12.0,3.45,62.49,38.9041994,-77.0619097,38.9043,-77.0612,38.9043727,-77.0605319,38.9043,-77.0612
ESC1,V04,wifi,1505.0,1510.0,5.0,53.23,63.8,38.9081,-77.0623777,38.908212,-77.0630999,38.9081,-77.0628856,38.9086073,-77.0630999
V00,V06,bluetooth,1506.0,1510.0,4.0,6.57,39.62,38.9050579,-77.0593406,38.9052965,-77.0594,38.9053542,-77.0593548,38.905,-77.0594
ESC2,V06,bluetooth,1512.0,1517.0,5.0,2.42,33.82,38.9044716,-77.0596522,38.9047036,-77.0594,38.9047505,-77.0594932,38.9045382,-77.0597319
COI,WIS_Q,wifi,1508.0,1519.0,11.0,11.56,61.84,38.9111998,-77.0594,38.9117,-77.0594,38.9116501,-77.060111,38.9117,-77.0594
V03,V08,bluetooth,1518.0,1523.0,5.0,8.03,37.58,38.9101602,-77.0630982,38.9098371,-77.0630996,38.9099337,-77.0628973,38.9102323,-77.0630997
V05,EDGE_0,wifi,1508.0,1523.0,15.0,2.3,64.25,38.9041743,-77.0625338,38.9044685,-77.0631,38.9050456,-77.0630883,38.9044685,-77.0631
V04,V08,wifi,1499.0,1524.0,25.0,37.89,59.07,38.9076192,-77.0630995,38.9081055,-77.0629257,38.9098246,-77.0628961,38.9103311,-77.0630997
V00,WIS_N,wifi,1513.0,1525.0,12.0,6.36,61.59,38.9057492,-77.0593737,38.9063,-77.0594,38.9062789,-77.0601105,38.9063,-77.0594
V01,O_33,wifi,1513.0,1525.0,12.0,6.05,61.55,38.9080997,-77.0564047,38.9081,-77.0557,38.9075474,-77.0557261,38.9081,-77.0557
ESC1,V04,wifi,1522.0,1528.0,6.0,50.66,64.16,38.9092455,-77.0630797,38.9098195,-77.0630127,38.9097394,-77.063095,38.9098472,-77.0623891
V00,V07,wifi,1522.0,1528.0,6.0,10.85,55.13,38.906274,-77.0598566,38.9062758,-77.0604895,38.9062863,-77.0604913,38.9062899,-77.0598549
V00,EDGE_1,bluetooth,1519.0,1528.0,9.0,2.66,44.44,38.9062668,-77.0594859,38.9063,-77.0599786,38.9062863,-77.0604913,38.9063,-77.0599786
V07,EDGE_1,bluetooth,1522.0,1531.0,9.0,1.46,44.35,38.9062758,-77.0604895,38.9063,-77.0599786,38.9062984,-77.0594741,38.9063,-77.0599786
V06,M_36,bluetooth,1524.0,1532.0,8.0,2.07,41.91,38.9043769,-77.0607264,38.9043,-77.0612,38.9042621,-77.0616009,38.9043,-77.0612
ESC2,V07,wifi,1527.0,1534.0,7.0,8.95,62.59,38.9058363,-77.0594279,38.9062899,-77.0598549,38.9062629,-77.0596035,38.9062987,-77.0590938
V07,WIS_N,wifi,1525.0,1537.0,12.0,4.53,61.42,38.9062843,-77.0601087,38.9063,-77.0594,38.906299,-77.0587128,38.9063,-77.0594
ESC2,WIS_N,wifi,1526.0,1538.0,12.0,7.68,62.68,38.9057376,-77.0594338,38.9063,-77.0594,38.9062747,-77.0601112,38.9063,-77.0594
ESC2,EDGE_1,bluetooth,1532.0,1541.0,9.0,3.19,44.51,38.9062602,-77.0594883,38.9063,-77.0599786,38.9062835,-77.0604919,38.9063,-77.0599786
V01,EDGE_2,wifi,1534.0,1541.0,7.0,52.21,63.93,38.9065594,-77.0557054,38.9063,-77.056302,38.9059668,-77.0557009,38.9063,-77.056302
COI,V08,wifi,1536.0,1542.0,6.0,5.54,61.89,38.9116988,-77.0623936,38.9116157,-77.0631,38.9116999,-77.0630285,38.9116579,-77.0625161
V01,N_33,wifi,1531.0,1543.0,12.0,4.09,61.88,38.9068558,-77.0557116,38.9063,-77.0557,38.9057692,-77.0557008,38.9063,-77.0557
V00,V05,wifi,1539.0,1544.0,5.0,2.72,44.54,38.9062992,-77.0620143,38.9062695,-77.0625163,38.9062996,-77.0625222,38.9062813,-77.0620086
ESC2,V05,wifi,1545.0,1552.0,7.0,10.5,61.15,38.9062983,-77.0611266,38.9062871,-77.0617547,38.906299,-77.0618878,38.9061437,-77.0612107
V03,V08,bluetooth,1550.0,1555.0,5.0,19.1,42.06,38.911341,-77.0612024,38.9116944,-77.0613742,38.911664,-77.0612868,38.9116988,-77.0608673
ESC1,V04,wifi,1554.0,1556.0,2.0,62.1,62.66,38.9099006,-77.0599854,38.910255,-77.0594318,38.9099005,-77.0598584,38.9103538,-77.0594296
COI,V03,bluetooth,1555.0,1559.0,4.0,10.11,36.0,38.9117293,-77.0617505,38.9116663,-77.0614027,38.9117091,-77.0613705,38.9116739,-77.0617836
ESC1,WIS_P,bluetooth,1555.0,1563.0,8.0,4.28,39.71,38.9099005,-77.0598584,38.9099,-77.0594,38.9099001,-77.0589696,38.9099,-77.0594
V07,EDGE_2,wifi,1550.0,1564.0,14.0,0.15,62.13,38.9063,-77.0569352,38.9063,-77.056302,38.9066552,-77.0557489,38.9063,-77.056302
ESC2,V06,bluetooth,1561.0,1565.0,4.0,10.76,32.59,38.9062328,-77.0630642,38.9059408,-77.0630879,38.9059452,-77.0630691,38.9062371,-77.0630979
V07,N_33,wifi,1554.0,1566.0,12.0,8.0,63.0,38.9063,-77.0564273,38.9063,-77.0557,38.9068528,-77.0557423,38.9063,-77.0557
COI,V08,wifi,1568.0,1571.0,3.0,61.72,64.77,38.9117032,-77.0601021,38.9114438,-77.0594329,38.9117021,-77.0598482,38.9112462,-77.0594287
V04,V08,wifi,1564.0,1572.0,8.0,2.75,63.87,38.911243,-77.0594101,38.9116998,-77.0595975,38.9116704,-77.0597298,38.9111474,-77.0594266
V08,WIS_Q,wifi,1560.0,1572.0,12.0,6.11,61.56,38.9116994,-77.0601055,38.9117,-77.0594,38.9111474,-77.0594266,38.9117,-77.0594
COI,V04,wifi,1568.0,1574.0,6.0,3.54,61.13,38.9117032,-77.0601021,38.9116382,-77.0594014,38.9117003,-77.0594672,38.9116755,-77.0599836
V04,WIS_Q,wifi,1563.0,1575.0,12.0,6.88,61.88,38.9111442,-77.0594122,38.9117,-77.0594,38.911678,-77.0601106,38.9117,-77.0594
V05,M_36,wifi,1564.0,1576.0,12.0,7.24,62.24,38.9048591,-77.0612033,38.9043,-77.0612,38.9042565,-77.0619078,38.9043,-77.0612
V02,WIS_O,bluetooth,1570.0,1578.0,8.0,6.06,39.6,38.9080996,-77.0589491,38.9081,-77.0594,38.907745,-77.0593697,38.9081,-77.0594
COI,WIS_Q,wifi,1568.0,1580.0,12.0,5.17,60.82,38.9117032,-77.0601021,38.9117,-77.0594,38.9117002,-77.0587055,38.9117,-77.0594
V07,O_33,wifi,1572.0,1584.0,12.0,6.89,61.89,38.9075443,-77.0557188,38.9081,-77.0557,38.9080756,-77.0549897,38.9081,-77.0557
V00,V03,bluetooth,1584.0,1588.0,4.0,5.25,31.61,38.9099154,-77.0630999,38.9101602,-77.0630983,38.9102118,-77.0631,38.909936,-77.0630132
V08,WIS_P,bluetooth,1580.0,1588.0,8.0,6.88,39.88,38.9102582,-77.0594076,38.9099,-77.0594,38.9099291,-77.0589435,38.9099,-77.0594
ESC2,V05,wifi,1580.0,1589.0,9.0,7.52,60.88,38.9043643,-77.0630956,38.9041743,-77.0625338,38.9041108,-77.0625343,38.9044527,-77.0630828
ESC2,EDGE_0,wifi,1574.0,1589.0,15.0,0.8,63.14,38.9049571,-77.0630856,38.9044685,-77.0631,38.9041108,-77.0625343,38.9044685,-77.0631
ESC1,EDGE_3,bluetooth,1587.0,1590.0,3.0,40.73,43.46,38.9099,-77.0557952,38.9099,-77.0552994,38.9097423,-77.0557583,38.9099,-77.0552994
ESC1,P_33,bluetooth,1584.0,1592.0,8.0,8.24,41.24,38.9099,-77.0561761,38.9099,-77.0557,38.9095447,-77.0557513,38.9099,-77.0557
V05,EDGE_0,wifi,1580.0,1595.0,15.0,2.31,64.25,38.9041743,-77.0625338,38.9044685,-77.0631,38.9050456,-77.0630883,38.9044685,-77.0631
V02,WIS_N,bluetooth,1588.0,1596.0,8.0,6.88,39.88,38.9066582,-77.0593925,38.9063,-77.0594,38.9063275,-77.0589434,38.9063,-77.0594
ESC2,M_36,wifi,1593.0,1605.0,12.0,3.45,62.49,38.9041994,-77.0619097,38.9043,-77.0612,38.9043727,-77.0605319,38.9043,-77.0612
ESC1,O_33,wifi,1600.0,1612.0,12.0,6.89,61.89,38.9086557,-77.0557197,38.9081,-77.0557,38.9081216,-77.0564106,38.9081,-77.0557
V08,EDGE_3,bluetooth,1612.0,1615.0,3.0,38.6,41.58,38.9099,-77.0557701,38.9099,-77.0552994,38.9097426,-77.0557346,38.9099,-77.0552994
V08,P_33,bluetooth,1609.0,1617.0,8.0,6.07,39.6,38.9099002,-77.056151,38.9099,-77.0557,38.909545,-77.0557304,38.9099,-77.0557
V02,EDGE_2,bluetooth,1612.0,1620.0,8.0,2.1,41.9,38.9063005,-77.0567857,38.9063,-77.056302,38.9063001,-77.0558968,38.9063,-77.056302
V03,WIS_P,bluetooth,1612.0,1620.0,8.0,4.94,39.06,38.9099002,-77.0598509,38.9099,-77.0594,38.9099,-77.058962,38.9099,-77.0594
COI,EDGE_3,bluetooth,1619.0,1624.0,5.0,35.09,43.52,38.9100606,-77.0557048,38.9099,-77.0552994,38.9096658,-77.0557015,38.9099,-77.0552994
COI,P_33,bluetooth,1617.0,1625.0,8.0,4.08,39.88,38.9102582,-77.0557106,38.9099,-77.0557,38.9095669,-77.0557014,38.9099,-77.0557
COI,V07,wifi,1620.0,1626.0,6.0,36.52,59.8,38.9099618,-77.0557018,38.9098869,-77.0550182,38.9094681,-77.0557013,38.9098991,-77.0556529
V07,EDGE_3,bluetooth,1619.0,1629.0,10.0,2.53,44.02,38.9098845,-77.0548913,38.9099,-77.0552994,38.9101564,-77.0556862,38.9099,-77.0552994
V07,P_33,bluetooth,1622.0,1630.0,8.0,4.08,39.56,38.9098918,-77.0552721,38.9099,-77.0557,38.9102552,-77.0556871,38.9099,-77.0557
V06,WIS_P,bluetooth,1626.0,1634.0,8.0,6.2,39.61,38.9098995,-77.0598525,38.9099,-77.0594,38.910255,-77.0594318,38.9099,-77.0594
COI,V08,wifi,1634.0,1636.0,2.0,63.96,64.18,38.9085788,-77.0557005,38.9081271,-77.0561567,38.90848,-77.0557004,38.9081246,-77.0562836
ESC2,WIS_N,wifi,1625.0,1637.0,12.0,7.68,62.68,38.9057376,-77.0594338,38.9063,-77.0594,38.9062747,-77.0601112,38.9063,-77.0594
V00,WIS_Q,wifi,1625.0,1637.0,12.0,4.8,61.2,38.9116992,-77.0601064,38.9117,-77.0594,38.9117,-77.0587097,38.9117,-77.0594
V08,O_33,wifi,1625.0,1637.0,12.0,6.88,61.88,38.9086558,-77.0557117,38.9081,-77.0557,38.908122,-77.0564106,38.9081,-77.0557
ESC2,EDGE_1,bluetooth,1631.0,1640.0,9.0,3.19,44.51,38.9062602,-77.0594883,38.9063,-77.0599786,38.9062835,-77.0604919,38.9063,-77.0599786
ESC1,WIS_O,wifi,1629.0,1641.0,12.0,4.95,61.04,38.9081005,-77.0586953,38.9081,-77.0594,38.9081,-77.0600921,38.9081,-77.0594
COI,V02,bluetooth,1637.0,1642.0,5.0,7.84,38.18,38.9082824,-77.0557002,38.9079394,-77.0557034,38.9078871,-77.0557001,38.9080703,-77.0560298
COI,O_33,wifi,1633.0,1645.0,12.0,1.7,64.3,38.9086776,-77.0557006,38.9081,-77.0557,38.9075907,-77.0557001,38.9081,-77.0557
V03,EDGE_3,bluetooth,1644.0,1647.0,3.0,40.08,42.89,38.9099,-77.0557876,38.9099,-77.0552994,38.9097424,-77.0557511,38.9099,-77.0552994
V01,EDGE_2,wifi,1642.0,1649.0,7.0,52.41,64.24,38.9060435,-77.0556964,38.9063,-77.056302,38.9066361,-77.0556994,38.9063,-77.056302
V03,P_33,bluetooth,1641.0,1649.0,8.0,7.59,40.59,38.9099,-77.0561685,38.9099,-77.0557,38.9095448,-77.055745,38.9099,-77.0557
V01,N_33,wifi,1639.0,1651.0,12.0,4.42,61.56,38.905747,-77.0556923,38.9063,-77.0557,38.9068338,-77.0556994,38.9063,-77.0557
COI,V01,wifi,1648.0,1654.0,6.0,3.74,62.26,38.9071954,-77.0557,38.9066361,-77.0556994,38.9067013,-77.0557,38.9071302,-77.0556996
V00,V07,wifi,1649.0,1655.0,6.0,9.95,56.23,38.9117,-77.057059,38.9116774,-77.0564105,38.9117,-77.0564241,38.9116905,-77.0570452
COI,EDGE_2,wifi,1654.0,1661.0,7.0,52.16,62.08,38.9066025,-77.0557,38.9063,-77.056302,38.9060096,-77.0557,38.9063,-77.056302
COI,N_33,wifi,1652.0,1663.0,11.0,0.68,55.68,38.9068002,-77.0557,38.9063,-77.0557,38.905812,-77.0557,38.9063,-77.0557
V04,V05,wifi,1659.0,1665.0,6.0,4.17,63.56,38.9098812,-77.0621356,38.9098472,-77.0614033,38.909894,-77.0615009,38.9098669,-77.0620376
V08,WIS_O,wifi,1654.0,1666.0,12.0,4.95,61.05,38.9081005,-77.0586953,38.9081,-77.0594,38.9081,-77.060092,38.9081,-77.0594
V01,O_33,wifi,1657.0,1669.0,12.0,8.96,63.96,38.9075255,-77.0556997,38.9081,-77.0557,38.9080656,-77.0564108,38.9081,-77.0557
V02,WIS_O,bluetooth,1664.0,1672.0,8.0,6.05,39.6,38.9080997,-77.0589492,38.9081,-77.0594,38.907745,-77.0593699,38.9081,-77.0594
V00,EDGE_3,bluetooth,1676.0,1679.0,3.0,35.55,42.44,38.9100606,-77.0557051,38.9099,-77.0552994,38.9099341,-77.0557873,38.9099,-77.0552994
V07,WIS_Q,wifi,1667.0,1679.0,12.0,6.06,61.55,38.9116995,-77.0586952,38.9117,-77.0594,38.9111474,-77.0593739,38.9117,-77.0594
ESC1,V05,wifi,1675.0,1680.0,5.0,0.7,44.49,38.9092455,-77.0630797,38.9096451,-77.0630904,38.9096406,-77.063092,38.9092498,-77.0630929
V00,P_33,bluetooth,1674.0,1682.0,8.0,6.88,39.88,38.9102582,-77.0557115,38.9099,-77.0557,38.9099267,-77.0561567,38.9099,-77.0557
V04,V08,wifi,1677.0,1682.0,5.0,3.99,44.66,38.9088542,-77.061205,38.9084552,-77.0611513,38.908459,-77.0612024,38.9088504,-77.0611646
ESC2,EDGE_0,wifi,1673.0,1688.0,15.0,0.8,63.14,38.9049571,-77.0630856,38.9044685,-77.0631,38.9041108,-77.0625343,38.9044685,-77.0631
V02,WIS_N,bluetooth,1682.0,1690.0,8.0,4.09,39.88,38.9066582,-77.0593925,38.9063,-77.0594,38.9059668,-77.059399,38.9063,-77.0594
V07,WIS_P,bluetooth,1687.0,1695.0,8.0,6.88,39.88,38.9102582,-77.0593925,38.9099,-77.0594,38.9099275,-77.0589434,38.9099,-77.0594
ESC1,V08,wifi,1692.0,1698.0,6.0,44.78,59.83,38.9099243,-77.0618885,38.9099365,-77.061198,38.9099019,-77.0612542,38.9104306,-77.0611986
V01,WIS_O,wifi,1686.0,1698.0,12.0,4.9,61.1,38.9080992,-77.0586947,38.9081,-77.0594,38.9081,-77.0600914,38.9081,-77.0594
V04,V05,wifi,1692.0,1698.0,6.0,3.02,63.51,38.9081186,-77.0621644,38.908134,-77.0628972,38.908106,-77.0627991,38.9081213,-77.0622626
V00,V07,wifi,1696.0,1702.0,6.0,10.67,55.5,38.909901,-77.0580604,38.9099227,-77.0586895,38.9099005,-77.0586953,38.9099106,-77.0580548
ESC2,M_36,wifi,1692.0,1704.0,12.0,3.45,62.49,38.9041994,-77.0619097,38.9043,-77.0612,38.9043727,-77.0605319,38.9043,-77.0612
V01,V05,wifi,1703.0,1709.0,6.0,9.84,56.11,38.9081,-77.0608533,38.908106,-77.0615009,38.9081,-77.0614882,38.9081007,-77.0608667
ESC2,V02,bluetooth,1706.0,1710.0,4.0,8.04,38.44,38.9044151,-77.0601548,38.90452,-77.059732,38.9044575,-77.0597778,38.9044639,-77.0601061
V00,WIS_P,bluetooth,1703.0,1711.0,8.0,6.04,39.6,38.9099003,-77.0589493,38.9099,-77.0594,38.910255,-77.0593699,38.9099,-77.0594
ESC1,V00,wifi,1707.0,1713.0,6.0,42.47,61.54,38.9099006,-77.0599854,38.9099673,-77.0593639,38.9099001,-77.0593506,38.9104526,-77.059374
V03,EDGE_3,bluetooth,1704.0,1714.0,10.0,2.54,44.17,38.9098839,-77.0548913,38.9099,-77.0552994,38.9096447,-77.0556897,38.9099,-77.0552994
V03,P_33,bluetooth,1707.0,1715.0,8.0,4.08,39.43,38.9098915,-77.0552721,38.9099,-77.0557,38.9095459,-77.0556903,38.9099,-77.0557
ESC1,WIS_P,bluetooth,1708.0,1716.0,8.0,4.28,39.71,38.9099005,-77.0598584,38.9099,-77.0594,38.9099001,-77.0589696,38.9099,-77.0594
V02,M_36,bluetooth,1714.0,1722.0,8.0,2.45,41.5,38.9043705,-77.0607295,38.9043,-77.0612,38.9042605,-77.0616056,38.9043,-77.0612
V07,P_33,bluetooth,1716.0,1724.0,8.0,4.95,39.05,38.9099002,-77.0561508,38.9099,-77.0557,38.9099,-77.055262,38.9099,-77.0557
V05,WIS_O,wifi,1714.0,1726.0,12.0,6.06,61.55,38.9081004,-77.0601048,38.9081,-77.0594,38.9086526,-77.0594261,38.9081,-77.0594
V07,EDGE_3,bluetooth,1719.0,1727.0,8.0,3.24,40.76,38.9099,-77.0557699,38.9099,-77.0552994,38.9099,-77.054881,38.9099,-77.0552994
V06,WIS_P,bluetooth,1720.0,1728.0,8.0,6.05,39.6,38.9099002,-77.0598508,38.9099,-77.0594,38.910255,-77.0594302,38.9099,-77.0594
V00,V08,wifi,1720.0,1729.0,9.0,3.41,63.54,38.911243,-77.0593905,38.9116848,-77.0598548,38.9116724,-77.0589434,38.9112463,-77.059429
V08,WIS_Q,wifi,1718.0,1730.0,12.0,6.44,61.55,38.9116763,-77.0601085,38.9117,-77.0594,38.9111475,-77.0594269,38.9117,-77.0594
V00,WIS_Q,wifi,1719.0,1731.0,12.0,6.88,61.88,38.9111442,-77.0593884,38.9117,-77.0594,38.9116773,-77.0586895,38.9117,-77.0594
V06,V08,bluetooth,1731.0,1735.0,4.0,10.63,33.36,38.9106502,-77.0594219,38.9109499,-77.0594226,38.9109466,-77.0594157,38.9106535,-77.0594162
ESC2,WIS_N,wifi,1724.0,1736.0,12.0,7.68,62.68,38.9057376,-77.0594338,38.9063,-77.0594,38.9062747,-77.0601112,38.9063,-77.0594
ESC2,EDGE_1,bluetooth,1730.0,1739.0,9.0,3.19,44.51,38.9062602,-77.0594883,38.9063,-77.0599786,38.9062835,-77.0604919,38.9063,-77.0599786
ESC1,EDGE_3,bluetooth,1740.0,1743.0,3.0,40.73,43.46,38.9099,-77.0557952,38.9099,-77.0552994,38.9097423,-77.0557583,38.9099,-77.0552994
V05,V08,wifi,1737.0,1743.0,6.0,35.33,58.43,38.9098382,-77.0594013,38.9103571,-77.0594098,38.9098754,-77.0599836,38.9099367,-77.0593138
COI,N_33,wifi,1733.0,1745.0,12.0,4.92,61.08,38.9062996,-77.054995,38.9063,-77.0557,38.9063,-77.0563917,38.9063,-77.0557
ESC1,P_33,bluetooth,1737.0,1745.0,8.0,8.24,41.24,38.9099,-77.0561761,38.9099,-77.0557,38.9095447,-77.0557513,38.9099,-77.0557
V08,WIS_P,bluetooth,1738.0,1746.0,8.0,6.89,39.89,38.9102583,-77.0594077,38.9099,-77.0594,38.9099292,-77.0589435,38.9099,-77.0594
COI,EDGE_2,wifi,1738.0,1750.0,12.0,3.23,62.77,38.9063,-77.0556299,38.9063,-77.056302,38.9063,-77.0570266,38.9063,-77.056302
ESC2,V02,bluetooth,1755.0,1759.0,4.0,11.07,33.7,38.9062996,-77.0626496,38.9062643,-77.0630127,38.9062999,-77.0630306,38.9062716,-77.0626433
ESC1,O_33,wifi,1753.0,1765.0,12.0,6.89,61.89,38.9086557,-77.0557197,38.9081,-77.0557,38.9081216,-77.0564106,38.9081,-77.0557
V03,V07,bluetooth,1765.0,1769.0,4.0,2.99,41.1,38.9066537,-77.0538089,38.9068775,-77.0538004,38.9069502,-77.0538071,38.906581,-77.0538002
COI,WIS_N,wifi,1762.0,1774.0,12.0,7.6,62.6,38.9063,-77.0586773,38.9063,-77.0594,38.9068528,-77.059361,38.9063,-77.0594
V08,P_33,bluetooth,1767.0,1775.0,8.0,4.93,39.07,38.9099002,-77.056151,38.9099,-77.0557,38.9099,-77.0552622,38.9099,-77.0557
V00,P_33,bluetooth,1768.0,1776.0,8.0,6.88,39.88,38.9102582,-77.0557075,38.9099,-77.0557,38.9099291,-77.0552435,38.9099,-77.0557
V08,EDGE_3,bluetooth,1770.0,1778.0,8.0,3.22,40.78,38.9099,-77.0557701,38.9099,-77.0552994,38.9099,-77.0548812,38.9099,-77.0552994
V00,EDGE_3,bluetooth,1770.0,1779.0,9.0,5.83,39.3,38.9100606,-77.0557034,38.9099,-77.0552994,38.9099214,-77.0548627,38.9099,-77.0552994
ESC2,EDGE_0,wifi,1772.0,1787.0,15.0,0.8,63.14,38.9049571,-77.0630856,38.9044685,-77.0631,38.9041108,-77.0625343,38.9044685,-77.0631
COI,V05,wifi,1781.0,1788.0,7.0,11.21,59.51,38.907643,-77.0593857,38.9081066,-77.0597278,38.9082354,-77.0593983,38.9077449,-77.0594353
ESC1,V05,wifi,1783.0,1790.0,7.0,35.03,62.95,38.9081004,-77.0588223,38.9081015,-77.0594739,38.9081,-77.0595842,38.9075474,-77.0594305
V05,WIS_O,wifi,1778.0,1790.0,12.0,6.41,61.58,38.9081143,-77.0601086,38.9081,-77.0594,38.9075474,-77.0594305,38.9081,-77.0594
V06,EDGE_3,bluetooth,1787.0,1790.0,3.0,35.49,42.43,38.9100606,-77.0557034,38.9099,-77.0552994,38.9099346,-77.0557871,38.9099,-77.0552994
COI,ESC1,wifi,1783.0,1791.0,8.0,16.18,57.19,38.9078406,-77.0593919,38.9081004,-77.0588223,38.9085318,-77.0593986,38.9081,-77.0597111
COI,WIS_O,wifi,1780.0,1792.0,12.0,4.08,61.88,38.9075443,-77.0593826,38.9081,-77.0594,38.9086307,-77.0593987,38.9081,-77.0594
V01,WIS_Q,wifi,1780.0,1792.0,12.0,6.11,61.56,38.9116994,-77.0601054,38.9117,-77.0594,38.9111474,-77.0594265,38.9117,-77.0594
V06,P_33,bluetooth,1785.0,1793.0,8.0,6.88,39.88,38.9102582,-77.0557075,38.9099,-77.0557,38.9099271,-77.0561567,38.9099,-77.0557
ESC1,WIS_O,wifi,1782.0,1794.0,12.0,4.95,61.04,38.9081005,-77.0586953,38.9081,-77.0594,38.9081,-77.0600921,38.9081,-77.0594
V02,M_36,bluetooth,1786.0,1794.0,8.0,7.23,40.23,38.9046614,-77.0612022,38.9043,-77.0612,38.9042893,-77.0616574,38.9043,-77.0612
V03,V08,bluetooth,1790.0,1794.0,4.0,8.32,35.94,38.909124,-77.0538002,38.9094463,-77.0538247,38.9094204,-77.0538001,38.9091499,-77.0538193
V00,V03,bluetooth,1791.0,1795.0,4.0,3.0,41.17,38.9094459,-77.0538122,38.9092228,-77.0538001,38.9091495,-77.0538095,38.9095192,-77.0538001
ESC2,V02,bluetooth,1792.0,1796.0,4.0,6.07,43.15,38.9042171,-77.0617848,38.9043058,-77.0615321,38.9042702,-77.06141,38.9042565,-77.0619078
N_33,EDGE_2,wifi,0.0,1800.0,1800.0,52.15,52.15,38.9063,-77.0557,38.9063,-77.056302,38.9063,-77.0557,38.9063,-77.056302
P_33,EDGE_3,bluetooth,0.0,1800.0,1800.0,34.71,34.71,38.9099,-77.0557,38.9099,-77.0552994,38.9099,-77.0557,38.9099,-77.0552994
V00,V08,wifi,1767.0,1800.0,33.0,7.71,63.62,38.910357,-77.0557096,38.9099002,-77.056151,38.9086554,-77.053805,38.908557,-77.0538084
ESC2,M_36,wifi,1791.0,1800.0,9.0,3.45,62.49,38.9041994,-77.0619097,38.9043,-77.0612,38.9043303,-77.0609089,38.9043,-77.0612
V05,WIS_N,wifi,1796.0,1800.0,4.0,28.88,61.88,38.9068558,-77.0594136,38.9063,-77.0594,38.9065594,-77.0594063,38.9063,-77.0594
